Reservoir Dogs,1992,R,USA,http://ia.media-imdb.com/images/M/MV5BMTQxMTAwMDQ3Nl5BMl5BanBnXkFtZTcwODMwNTgzMQ@@._V1_SX300.jpg,movie
Pulp Fiction,1994,R,USA,http://ia.media-imdb.com/images/M/MV5BMTkxMTA5OTAzMl5BMl5BanBnXkFtZTgwNjA5MDc3NjE@._V1_SX300.jpg,movie
Jackie Brown,1997,R,USA,http://ia.media-imdb.com/images/M/MV5BMzMxMzYzMDUyNV5BMl5BanBnXkFtZTgwMjI2Mzk5MDE@._V1_SX214_AL_.jpg,movie
Kill Bill: Vol. 1,2003,R,USA,http://ia.media-imdb.com/images/M/MV5BMTU1NDg1Mzg4M15BMl5BanBnXkFtZTYwMDExOTc3._V1_SX300.jpg,movie
Kill Bill: Vol. 2,2004,R,USA,http://ia.media-imdb.com/images/M/MV5BMTIwNzQ3MDIxMV5BMl5BanBnXkFtZTcwMDIxMzUyMQ@@._V1_SX300.jpg,movie
Death Proof,2007,R,USA,http://ia.media-imdb.com/images/M/MV5BMTUwMDQxNjIxM15BMl5BanBnXkFtZTcwMzg5MzkwNA@@._V1_SX214_AL_.jpg,movie
Inglourious Basterds,2009,R,USA,http://ia.media-imdb.com/images/M/MV5BMjIzMDI4MTUzOV5BMl5BanBnXkFtZTcwNDY3NjA3Mg@@._V1_SX300.jpg,movie
Django Unchained,2012,R,USA,http://ia.media-imdb.com/images/M/MV5BMjIyNTQ5NjQ1OV5BMl5BanBnXkFtZTcwODg1MDU4OA@@._V1_SX300.jpg,movie
Memento,2000,R,UK,http://ia.media-imdb.com/images/M/MV5BMjA4NDI0MTIxNF5BMl5BanBnXkFtZTYwNTM0MzY2._V1_SX214_AL_.jpg,http://ia.media-imdb.com/images/M/MV5BMTc4MjUxNDAwN15BMl5BanBnXkFtZTcwMDMwNDg3OA@@._V1_SY317_CR12,0,214,317_AL_.jpg,movie
Insomnia,2002,R,USA,http://ia.media-imdb.com/images/M/MV5BMTM5Nzk2NDY3MF5BMl5BanBnXkFtZTgwMzI5MDgxMTE@._V1_SX214_AL_.jpg,movie
Batman Begins,2005,PG-13,UK,http://ia.media-imdb.com/images/M/MV5BNTM3OTc0MzM2OV5BMl5BanBnXkFtZTYwNzUwMTI3._V1_SX214_AL_.jpg,movie
The Prestige,2006,PG-13,UK,http://ia.media-imdb.com/images/M/MV5BMjA4NDI0MTIxNF5BMl5BanBnXkFtZTYwNTM0MzY2._V1_SX214_AL_.jpg,movie
The Dark Knight,2008,PG-13,UK,http://ia.media-imdb.com/images/M/MV5BMTMxNTMwODM0NF5BMl5BanBnXkFtZTcwODAyMTk2Mw@@._V1_SX300.jpg,movie
Inception,2010,PG-13,UK,http://ia.media-imdb.com/images/M/MV5BMjAxMzY3NjcxNF5BMl5BanBnXkFtZTcwNTI5OTM0Mw@@._V1_SX214_AL_.jpg,movie
The Dark Knight Rises,2012,PG-13,UK,http://ia.media-imdb.com/images/M/MV5BMTk4ODQzNDY3Ml5BMl5BanBnXkFtZTcwODA0NTM4Nw@@._V1_SX214_AL_.jpg,movie
Interstellar,2014,PG-13,UK,http://ia.media-imdb.com/images/M/MV5BMjIxNTU4MzY4MF5BMl5BanBnXkFtZTgwMzM4ODI3MjE@._V1_SX214_AL_.jpg,movie
Texas Chainsaw Massacre: The Next Generation,1994,R,Japan,N/A,movie
Batman Forever,1995,PG-13,USA,N/A,movie
Batman & Robin,1997,PG-13,USA,http://ia.media-imdb.com/images/M/MV5BMjE3NzcyNzM4MF5BMl5BanBnXkFtZTYwNDA3Mzk4._V1_SX214_AL_.jpg,movie
A Time to Kill,1996,R,USA,http://ia.media-imdb.com/images/M/MV5BMjIwMzI2NTk3N15BMl5BanBnXkFtZTgwMDgxNTYxMTE@._V1_SX214_AL_.jpg,movie
The Phantom of the Opera,2004,PG-13,UK,http://ia.media-imdb.com/images/M/MV5BNDczNzg4OTM3MV5BMl5BanBnXkFtZTcwOTQzMTEzMw@@._V1_SX300.jpg,movie
The Matrix,1999,R,Australia,http://ia.media-imdb.com/images/M/MV5BMTkxNDYxOTA4M15BMl5BanBnXkFtZTgwNTk0NzQxMTE@._V1_SX300.jpg,movie
The Matrix Reloaded,2003,R,Australia,http://ia.media-imdb.com/images/M/MV5BMjA0NDM5MDY2OF5BMl5BanBnXkFtZTcwNzg5OTEzMw@@._V1_SX214_AL_.jpg,movie
The Matrix Revolutions,2003,R,Australia,N/A,movie
Jupiter Ascending,2015,PG-13,Australia,http://ia.media-imdb.com/images/M/MV5BMTQyNzk2MjA2NF5BMl5BanBnXkFtZTgwMjEwNzk3MjE@._V1_SX214_AL_.jpg,movie
Mad Max 2: The Road Warrior,1981,R,Australia,http://ia.media-imdb.com/images/M/MV5BMTcxMDUyODY1OF5BMl5BanBnXkFtZTYwOTQzNDk4._V1_SX300.jpg,movie
Mad Max Beyond Thunderdome,1985,PG-13,Australia,http://ia.media-imdb.com/images/M/MV5BMTk0MDQ5NTYxNV5BMl5BanBnXkFtZTcwNTA0ODYyMQ@@._V1_SX300.jpg,movie
Mad Max: Fury Road,2015,R,Australia,http://ia.media-imdb.com/images/M/MV5BMTUyMTE0ODcxNF5BMl5BanBnXkFtZTgwODE4NDQzNTE@._V1_SX300.jpg,movie
The Thing,1982,R,USA,http://ia.media-imdb.com/images/M/MV5BMjE1OTIzMjUxNV5BMl5BanBnXkFtZTgwOTUwNzMxMDE@._V1_SX300.jpg,movie
The Running Man,1987,R,USA,http://ia.media-imdb.com/images/M/MV5BNzM4OTcyMjEyNl5BMl5BanBnXkFtZTcwMzEwNDI4OA@@._V1_SX300.jpg,movie
Jingle All the Way,1996,PG,USA,http://ia.media-imdb.com/images/M/MV5BMTE5OTYzMzc0MV5BMl5BanBnXkFtZTcwNjQ0NTI1MQ@@._V1_SX300.jpg,movie
True Lies,1994,R,USA,http://ia.media-imdb.com/images/M/MV5BMTM4OTIzNjcxM15BMl5BanBnXkFtZTcwMjc2MzE2MQ@@._V1_SX300.jpg,movie
Total Recall,1990,R,USA,http://ia.media-imdb.com/images/M/MV5BMTc2MTU4ODI5MF5BMl5BanBnXkFtZTcwODI2MzAyOA@@._V1_SX300.jpg,movie
The Terminator,1984,R,USA,http://ia.media-imdb.com/images/M/MV5BODE1MDczNTUxOV5BMl5BanBnXkFtZTcwMTA0NDQyNA@@._V1_SX300.jpg,movie
Terminator 2: Judgment Day,1991,R,USA,http://ia.media-imdb.com/images/M/MV5BMTg5NzUwMDU5NF5BMl5BanBnXkFtZTcwMjk2MDA4Mg@@._V1_SX300.jpg,movie
A Nightmare on Elm Street,1984,R,USA,http://ia.media-imdb.com/images/M/MV5BMTMxOTk4NjMzOV5BMl5BanBnXkFtZTcwOTQ3NDAzMg@@._V1_SX300.jpg,movie
Toy Story,1995,G,USA,http://ia.media-imdb.com/images/M/MV5BMTgwMjI4MzU5N15BMl5BanBnXkFtZTcwMTMyNTk3OA@@._V1_SX300.jpg,animated movie
A Bugs Life,1998,G,USA,http://ia.media-imdb.com/images/M/MV5BMTI5NTc1NjU2NF5BMl5BanBnXkFtZTcwNzkyNDAyMQ@@._V1_SX300.jpg,animated movie
Toy Story 2,1999,G,USA,http://ia.media-imdb.com/images/M/MV5BMTQ0OTU0NTcyNl5BMl5BanBnXkFtZTcwOTk5Mjc4OA@@._V1_SX300.jpg,animated movie
Monsters Inc.,2001,G,USA,http://ia.media-imdb.com/images/M/MV5BMTY1NTI0ODUyOF5BMl5BanBnXkFtZTgwNTEyNjQ0MDE@._V1_SX300.jpg,animated movie
Finding Nemo,2003,G,USA,http://ia.media-imdb.com/images/M/MV5BMTY1MTg1NDAxOV5BMl5BanBnXkFtZTcwMjg1MDI5Nw@@._V1_SX300.jpg,animated movie
The Incredibles,2004,PG,USA,http://ia.media-imdb.com/images/M/MV5BMTY5OTU0OTc2NV5BMl5BanBnXkFtZTcwMzU4MDcyMQ@@._V1_SX300.jpg,animated movie
WALLÂ·E,2008,G,USA,http://ia.media-imdb.com/images/M/MV5BMTczOTA3MzY2N15BMl5BanBnXkFtZTcwOTYwNjE2MQ@@._V1_SX300.jpg,animated movie
Neon Genesis Evangelion: The End of Evangelion,1997,R,Japan,http://ia.media-imdb.com/images/M/MV5BMTYwNTA4Mzk1MF5BMl5BanBnXkFtZTcwMjQ5MDQyMQ@@._V1_SX300.jpg,animated movie
Cowboy Bebop: The Movie,2001,R,Japan,http://ia.media-imdb.com/images/M/MV5BMTA1ODIxMDYyMzFeQTJeQWpwZ15BbWU2MDUwOTQ5Ng@@._V1_SX300.jpg,animated movie
Dragon Ball: Curse of the Blood Rubies,1986,PG,Japan,http://ia.media-imdb.com/images/M/MV5BMTM0MjM3NDYzNl5BMl5BanBnXkFtZTcwNTkwMzYyMQ@@._V1_SX300.jpg,animated movie
Dragon Ball: Mystical Adventure,1988,PG,Japan,http://ia.media-imdb.com/images/M/MV5BMTIzMDc3OTIxN15BMl5BanBnXkFtZTYwNjU3NDY5._V1_SX300.jpg,animated movie
Fullmetal Alchemist: The Sacred Star of Milos,2011,PG-13,Japan,http://ia.media-imdb.com/images/M/MV5BMTY2OTY4MDk4NF5BMl5BanBnXkFtZTcwMzA0NzExNw@@._V1_SX300.jpg,animated movie
Metal Gear Solid: The Twin Snakes,2004,R,Japan,N/A,game
Metal Gear Solid 2: Sons of Liberty,2001,R,Japan,http://ia.media-imdb.com/images/M/MV5BMTQ0Njg2MDc2MV5BMl5BanBnXkFtZTcwODM4MDE2MQ@@._V1_SX300.jpg,game
Metal Gear Solid 3: Snake Eater,2004,R,Japan,http://ia.media-imdb.com/images/M/MV5BMTkyMjM2NDgxOV5BMl5BanBnXkFtZTcwMzc1MzE2MQ@@._V1_SX300.jpg,game
Metal Gear Solid 4: Guns of the Patriots,2008,R,Japan,http://ia.media-imdb.com/images/M/MV5BMTU2MzM0MzA4M15BMl5BanBnXkFtZTgwMzA1MTU3MDE@._V1_SX300.jpg,game
Metal Gear Solid V: The Phantom Pain,2015,R,Japan,http://ia.media-imdb.com/images/M/MV5BMjAzMjgzNDI1Ml5BMl5BanBnXkFtZTgwOTQ3MTE2MDE@._V1_SX300.jpg,game
Silent Hill 2,2001,R,Japan,http://ia.media-imdb.com/images/M/MV5BMTQ2MjgxMTMzMV5BMl5BanBnXkFtZTgwNTg2Mzg4MDE@._V1_SX300.jpg,game
Silent Hill 3,2003,R,Japan,http://ia.media-imdb.com/images/M/MV5BMTU3MTU1NTg0Nl5BMl5BanBnXkFtZTgwNDI1NzIyMTE@._V1_SX300.jpg,game
The Last of Us,2013,R,USA,http://ia.media-imdb.com/images/M/MV5BMTkzMzk3MzYzMV5BMl5BanBnXkFtZTgwOTQzMDM2MTE@._V1_SX300.jpg,game
Shaun of the Dead,2004,R,UK,http://ia.media-imdb.com/images/M/MV5BMTU2NjA0NDk0NV5BMl5BanBnXkFtZTcwOTA0OTQzMw@@._V1_SX300.jpg,movie
Hot Fuzz,2007,R,UK,http://ia.media-imdb.com/images/M/MV5BMTIxODg2NDU1MF5BMl5BanBnXkFtZTcwOTc3MDM0MQ@@._V1_SX300.jpg,movie
The Worlds End,2013,R,UK,http://ia.media-imdb.com/images/M/MV5BNzA1MTk1MzY0OV5BMl5BanBnXkFtZTgwNjkzNTUwMDE@._V1_SX300.jpg,movie
Scott Pilgrim vs. the World,2010,PG-13,UK,http://ia.media-imdb.com/images/M/MV5BMTkwNTczNTMyOF5BMl5BanBnXkFtZTcwNzUxOTUyMw@@._V1_SX300.jpg,movie
Bruce Almighty,2003,PG-13,Canada,http://ia.media-imdb.com/images/M/MV5BMTYwMTUyNzAxMF5BMl5BanBnXkFtZTYwMDYwOTY3._V1_SX300.jpg,movie
Ace Ventura: Pet Detective,1994,PG-13,Canada,http://ia.media-imdb.com/images/M/MV5BMjAzNTI0ODUxOF5BMl5BanBnXkFtZTgwNTQxNzQxMTE@._V1_SX300.jpg,movie
Ace Ventura: When Nature Calls,1995,PG-13,Canada,http://ia.media-imdb.com/images/M/MV5BNzMzODY1ODAzNl5BMl5BanBnXkFtZTYwODEzNjE5._V1_SX300.jpg,movie
Dune,1984,PG-13,USA,http://ia.media-imdb.com/images/M/MV5BNTkxMjkxNzg3Nl5BMl5BanBnXkFtZTgwNjUyMDI3NjE@._V1_SX300.jpg,movie
A Fistful of Dollars,1964,R,Italy,http://ia.media-imdb.com/images/M/MV5BMTAzODAxMzg1MzZeQTJeQWpwZ15BbWU3MDgwMzE5ODk@._V1_SX300.jpg,movie
For a Few Dollars More,1965,R,Italy,http://ia.media-imdb.com/images/M/MV5BMTQzMjIzOTEzMF5BMl5BanBnXkFtZTcwMTUzNTk3NA@@._V1_SX300.jpg,movie
The Good the Bad and the Ugly,1966,R,Italy,http://ia.media-imdb.com/images/M/MV5BOTQ5NDI3MTI4MF5BMl5BanBnXkFtZTgwNDQ4ODE5MDE@._V1_SX300.jpg,movie
Once Upon a Time in the West,1968,PG-13,Italy,http://ia.media-imdb.com/images/M/MV5BMTEyODQzNDkzNjVeQTJeQWpwZ15BbWU4MDgyODk1NDEx._V1_SX300.jpg,movie
True Grit,2010,PG-13,USA,http://ia.media-imdb.com/images/M/MV5BMjIxNjAzODQ0N15BMl5BanBnXkFtZTcwODY2MjMyNA@@._V1_SX300.jpg,movie
Rosemarys Baby,1968,R,Germany,http://ia.media-imdb.com/images/M/MV5BMTY0NzkxMzIwM15BMl5BanBnXkFtZTcwMjg2Njk3OA@@._V1_SX300.jpg,movie
Bride of Frankenstein,1935,R,USA,http://ia.media-imdb.com/images/M/MV5BOTUzMzAzMzEzNV5BMl5BanBnXkFtZTgwOTg1NTAwMjE@._V1_SX300.jpg,movie
Son of Frankenstein,1939,R,USA,http://ia.media-imdb.com/images/M/MV5BMTc0NzQ5MjEyN15BMl5BanBnXkFtZTgwMTQ4NzMwMjE@._V1_SX300.jpg,movie
Monty Python and the Holy Grail,1975,PG,UK,http://ia.media-imdb.com/images/M/MV5BMTkzODczMTgwM15BMl5BanBnXkFtZTYwNTAwODI5._V1_SX300.jpg,movie
Troll 2,1990,PG-13,Italy,http://ia.media-imdb.com/images/M/MV5BMTM1OTUzOTM2OV5BMl5BanBnXkFtZTcwMzYxNDY3NA@@._V1_SX300.jpg,movie
The Room,2003,R,USA,http://ia.media-imdb.com/images/M/MV5BMTg4MTU1MzgwOV5BMl5BanBnXkFtZTcwNjM1MTAwMQ@@._V1_SX300.jpg,movie
Donnie Darko,2001,R,USA,http://ia.media-imdb.com/images/M/MV5BMTczMzE4Nzk3N15BMl5BanBnXkFtZTcwNDg5Mjc4NA@@._V1_SX300.jpg,movie
Fallen Angels,1995,R,Hong Kong,http://ia.media-imdb.com/images/M/MV5BMTc3NzI0MzQ3M15BMl5BanBnXkFtZTcwMzA0MDMzNA@@._V1_SX300.jpg,movie
Casino Royale,2006,PG-13,Germany,http://ia.media-imdb.com/images/M/MV5BMTM5MjI4NDExNF5BMl5BanBnXkFtZTcwMDM1MjMzMQ@@._V1_SX300.jpg,movie
Eraserhead,1977,R,USA,http://ia.media-imdb.com/images/M/MV5BMzk0OTM0MjU0NF5BMl5BanBnXkFtZTgwMjAyMjg2MjE@._V1_SX300.jpg,movie
Blue Velvet,1986,R,USA,http://ia.media-imdb.com/images/M/MV5BMTczNjE4NTQwNF5BMl5BanBnXkFtZTgwODI3Mjc1MDE@._V1_SX300.jpg,movie
Star Wars: Episode IV - A New Hope,1977,PG,USA,http://ia.media-imdb.com/images/M/MV5BMTU4NTczODkwM15BMl5BanBnXkFtZTcwMzEyMTIyMw@@._V1_SX300.jpg,movie
Star Wars: Episode V - The Empire Strikes Back,1980,PG,USA,http://ia.media-imdb.com/images/M/MV5BMjE2MzQwMTgxN15BMl5BanBnXkFtZTcwMDQzNjk2OQ@@._V1_SX300.jpg,movie
Star Wars: Episode VI - Return of the Jedi,1983,PG,USA,N/A,movie
Akira,1988,R,Japan,http://ia.media-imdb.com/images/M/MV5BNTk0MjE2NDc1Nl5BMl5BanBnXkFtZTgwODM3NTU3MzE@._V1_SX300.jpg,animated movie
Perfect Blue,1997,R,Japan,N/A,animated movie
Aladdin,1992,G,USA,http://ia.media-imdb.com/images/M/MV5BNTI4ODQ1MzAzNV5BMl5BanBnXkFtZTgwMzU4NzMxMDE@._V1_SX300.jpg,animated movie
The Lion King,1994,G,USA,http://ia.media-imdb.com/images/M/MV5BMjEyMzgwNTUzMl5BMl5BanBnXkFtZTcwNTMxMzM3Ng@@._V1_SX300.jpg,animated movie
Tangled,2010,PG,USA,http://ia.media-imdb.com/images/M/MV5BMTAxNDYxMjg0MjNeQTJeQWpwZ15BbWU3MDcyNTk2OTM@._V1_SX300.jpg,animated movie
Princess Mononoke,1997,PG-13,Japan,http://ia.media-imdb.com/images/M/MV5BMjgzNTUwODQzN15BMl5BanBnXkFtZTcwMTc4ODE3OQ@@._V1_SX300.jpg,animated movie
Spirited Away,2001,PG,Japan,http://ia.media-imdb.com/images/M/MV5BMjYxMDcyMzIzNl5BMl5BanBnXkFtZTYwNDg2MDU3._V1_SX300.jpg,animated movie
Howls Moving Castle,2004,PG,Japan,http://ia.media-imdb.com/images/M/MV5BMTY1OTg0MjE3MV5BMl5BanBnXkFtZTcwNTUxMTkyMQ@@._V1_SX300.jpg,animated movie
Castle in the Sky,1986,PG,Japan,http://ia.media-imdb.com/images/M/MV5BMTU4MTUyMTc3MV5BMl5BanBnXkFtZTYwOTg4Mzk5._V1_SX300.jpg,animated movie
Firefly,2002,PG,USA,N/A,series
Monty Pythons Flying Circus,1969,PG-13,UK,http://ia.media-imdb.com/images/M/MV5BNzY1MDE5OTY4Ml5BMl5BanBnXkFtZTgwOTAyNTQ1NjE@._V1_SX300.jpg,series
Arrested Development,2003,PG-13,USA,http://ia.media-imdb.com/images/M/MV5BMTk4OTIyNzA5NF5BMl5BanBnXkFtZTcwODQxMTE1OQ@@._V1_SX300.jpg,series
The IT Crowd,2006,PG,UK,http://ia.media-imdb.com/images/M/MV5BMTcxNzgyNzkzMl5BMl5BanBnXkFtZTcwMDgzMzg2MQ@@._V1_SX300.jpg,series
Twin Peaks,1990,R,USA,http://ia.media-imdb.com/images/M/MV5BMTExNzk2NjcxNTNeQTJeQWpwZ15BbWU4MDcxOTczOTIx._V1_SX300.jpg,series
Scrubs,2001,PG-13,USA,N/A,series
Game of Thrones,2011,R,USA,http://ia.media-imdb.com/images/M/MV5BNTgxOTI4NzY2M15BMl5BanBnXkFtZTgwMjY3MTM2NDE@._V1_SX300.jpg,series
Archer,2009,R,USA,http://ia.media-imdb.com/images/M/MV5BMTg3NTMwMzY2OF5BMl5BanBnXkFtZTgwMDcxMjQ0NDE@._V1_SX300.jpg,animated series
Rick and Morty,2013,R,USA,http://ia.media-imdb.com/images/M/MV5BMTQxNDEwNTE0Nl5BMl5BanBnXkFtZTgwMzQ1MTg3MDE@._V1_SX300.jpg,animated series
FLCL,2000,PG-13,Japan,http://ia.media-imdb.com/images/M/MV5BMjAyMjg0Nzc5N15BMl5BanBnXkFtZTcwOTI1MzAyMQ@@._V1_SX300.jpg,animated series
Neon Genesis Evangelion,1995,R,Japan,http://ia.media-imdb.com/images/M/MV5BMjA1Mzc4NzMwOF5BMl5BanBnXkFtZTcwNjc1MzYyMQ@@._V1_SX300.jpg,animated series
Cowboy Bebop,1998,PG-13,Japan,http://ia.media-imdb.com/images/M/MV5BMjE2NzkzMTc3M15BMl5BanBnXkFtZTYwNjU0MzE5._V1_SX300.jpg,animated series
Samurai Champloo,2004,R,Japan,http://ia.media-imdb.com/images/M/MV5BMjEwNzAwODY4MV5BMl5BanBnXkFtZTgwMTUxNDk0MDE@._V1_SX300.jpg,animated series
Dragon Ball Z,1996,PG,Japan,N/A,animated series
