Alfreda Dozal,The Lion King,4
Alfreda Dozal,Princess Mononoke,1
Alfreda Dozal,Total Recall,3
Alfreda Dozal,Inglourious Basterds,3
Alfreda Dozal,A Time to Kill,3
Alfreda Dozal,The Prestige,2
Alfreda Dozal,The Dark Knight,1
Kenya Millner,Monsters Inc.,2
Kenya Millner,The Incredibles,3
Kenya Millner,Batman & Robin,3
Kenya Millner,Firefly,1
Kenya Millner,Silent Hill 3,3
Lyndsay Tripp,Star Wars: Episode V - The Empire Strikes Back,3
Lyndsay Tripp,Death Proof,3
Lyndsay Tripp,Dragon Ball: Curse of the Blood Rubies,3
Lyndsay Tripp,A Bugs Life,5
Lyndsay Tripp,True Lies,3
Lyndsay Tripp,The Prestige,5
Justina Szpak,A Nightmare on Elm Street,1
Justina Szpak,Castle in the Sky,2
Justina Szpak,Ace Ventura: Pet Detective,5
Justina Szpak,Insomnia,2
Justina Szpak,The Lion King,5
Justina Szpak,Metal Gear Solid V: The Phantom Pain,2
Pilar Ellyson,Death Proof,2
Pilar Ellyson,The IT Crowd,5
Pilar Ellyson,Bride of Frankenstein,5
Pilar Ellyson,Dune,5
Pilar Ellyson,Son of Frankenstein,2
Pilar Ellyson,Mad Max Beyond Thunderdome,5
Pilar Ellyson,Monty Pythons Flying Circus,2
Emelina Bazzano,Fullmetal Alchemist: The Sacred Star of Milos,5
Emelina Bazzano,The Matrix,2
Emelina Bazzano,Bruce Almighty,5
Emelina Bazzano,Bride of Frankenstein,3
Emelina Bazzano,Cowboy Bebop,5
Emelina Bazzano,Howls Moving Castle,3
Emelina Bazzano,Mad Max: Fury Road,1
Emelina Bazzano,Metal Gear Solid: The Twin Snakes,2
Suzette Savitch,Donnie Darko,2
Suzette Savitch,The Prestige,4
Suzette Savitch,Total Recall,3
Suzette Savitch,Shaun of the Dead,1
Suzette Savitch,Kill Bill: Vol. 1,3
Tomoko Leverton,The Incredibles,4
Tomoko Leverton,Eraserhead,1
Tomoko Leverton,The Running Man,4
Tomoko Leverton,Neon Genesis Evangelion,5
Tomoko Leverton,Once Upon a Time in the West,4
Tomoko Leverton,Scott Pilgrim vs. the World,5
Isaura Loeza,Death Proof,2
Isaura Loeza,Archer,2
Isaura Loeza,Texas Chainsaw Massacre: The Next Generation,3
Isaura Loeza,Total Recall,5
Isaura Loeza,Dragon Ball: Curse of the Blood Rubies,2
Isaura Loeza,Batman & Robin,2
Isaura Loeza,Inglourious Basterds,1
Isaura Loeza,The Lion King,4
Isaura Loeza,Dragon Ball Z,3
Numbers Fiechter,The Running Man,1
Numbers Fiechter,Howls Moving Castle,5
Numbers Fiechter,Texas Chainsaw Massacre: The Next Generation,3
Numbers Fiechter,A Bugs Life,4
Numbers Fiechter,Neon Genesis Evangelion: The End of Evangelion,5
Numbers Fiechter,Akira,3
Jan Versteeg,Castle in the Sky,2
Jan Versteeg,The Incredibles,3
Jan Versteeg,Silent Hill 2,3
Jan Versteeg,The Worlds End,4
Jan Versteeg,Jupiter Ascending,1
Linn Heglar,Mad Max: Fury Road,4
Linn Heglar,Dragon Ball Z,3
Linn Heglar,The Matrix,1
Linn Heglar,Star Wars: Episode V - The Empire Strikes Back,5
Linn Heglar,Aladdin,1
Estela Jim,Pulp Fiction,4
Estela Jim,Archer,4
Estela Jim,Star Wars: Episode IV - A New Hope,4
Estela Jim,Neon Genesis Evangelion: The End of Evangelion,1
Estela Jim,Inglourious Basterds,1
Estela Jim,Kill Bill: Vol. 1,5
Estela Jim,Castle in the Sky,3
Ying Sherdon,Shaun of the Dead,3
Ying Sherdon,Bruce Almighty,5
Ying Sherdon,Silent Hill 2,5
Ying Sherdon,Rick and Morty,2
Ying Sherdon,Mad Max 2: The Road Warrior,5
Patria Blankenbaker,Metal Gear Solid 2: Sons of Liberty,2
Patria Blankenbaker,Rosemarys Baby,3
Patria Blankenbaker,Cowboy Bebop,4
Patria Blankenbaker,The Lion King,4
Patria Blankenbaker,Samurai Champloo,2
Patria Blankenbaker,Reservoir Dogs,4
Patria Blankenbaker,Silent Hill 3,2
Patria Blankenbaker,Jupiter Ascending,4
Patria Blankenbaker,Perfect Blue,4
Antionette Nichol,The Prestige,2
Antionette Nichol,Eraserhead,1
Antionette Nichol,Mad Max: Fury Road,2
Antionette Nichol,Samurai Champloo,5
Antionette Nichol,A Fistful of Dollars,4
Ladonna Diedricks,Insomnia,4
Ladonna Diedricks,Tangled,5
Ladonna Diedricks,Ace Ventura: When Nature Calls,1
Ladonna Diedricks,True Grit,3
Ladonna Diedricks,Star Wars: Episode IV - A New Hope,2
Ladonna Diedricks,Dune,3
Ladonna Diedricks,Aladdin,4
Ladonna Diedricks,Metal Gear Solid: The Twin Snakes,3
Ladonna Diedricks,Son of Frankenstein,1
Jina Pleasanton,Jingle All the Way,1
Jina Pleasanton,Donnie Darko,5
Jina Pleasanton,Arrested Development,1
Jina Pleasanton,The Lion King,4
Jina Pleasanton,Monty Python and the Holy Grail,4
Jina Pleasanton,Dragon Ball: Curse of the Blood Rubies,2
Jina Pleasanton,The Running Man,1
Jina Pleasanton,Star Wars: Episode VI - Return of the Jedi,5
Halley Ecord,Jingle All the Way,4
Halley Ecord,Akira,4
Halley Ecord,Mad Max Beyond Thunderdome,1
Halley Ecord,The Running Man,2
Halley Ecord,Troll 2,4
Halley Ecord,Metal Gear Solid V: The Phantom Pain,2
Halley Ecord,Donnie Darko,5
Halley Ecord,Kill Bill: Vol. 2,5
Myrtle Barrell,Game of Thrones,5
Myrtle Barrell,The Prestige,2
Myrtle Barrell,Cowboy Bebop,2
Myrtle Barrell,Shaun of the Dead,2
Myrtle Barrell,A Nightmare on Elm Street,4
Myrtle Barrell,Mad Max 2: The Road Warrior,5
Myrtle Barrell,Reservoir Dogs,3
Myrtle Barrell,Scott Pilgrim vs. the World,4
Noelle Sais,Cowboy Bebop: The Movie,3
Noelle Sais,WALL·E,1
Noelle Sais,The Incredibles,5
Noelle Sais,The IT Crowd,2
Noelle Sais,Hot Fuzz,3
Chrissy Gathman,The Matrix Reloaded,3
Chrissy Gathman,Terminator 2: Judgment Day,1
Chrissy Gathman,Castle in the Sky,4
Chrissy Gathman,The Last of Us,2
Chrissy Gathman,Game of Thrones,2
Anastasia Coote,The Matrix Revolutions,3
Anastasia Coote,Metal Gear Solid: The Twin Snakes,5
Anastasia Coote,Inglourious Basterds,3
Anastasia Coote,Inception,3
Anastasia Coote,Jackie Brown,1
Anastasia Coote,Batman Begins,3
Anastasia Coote,Son of Frankenstein,2
Carole Saade,Tangled,5
Carole Saade,Samurai Champloo,3
Carole Saade,The Matrix Revolutions,3
Carole Saade,Batman Forever,4
Carole Saade,Troll 2,4
Carole Saade,The Matrix Reloaded,3
Carole Saade,Batman Begins,5
Carole Saade,Terminator 2: Judgment Day,3
Alecia Burnap,Toy Story 2,1
Alecia Burnap,Howls Moving Castle,5
Alecia Burnap,Mad Max 2: The Road Warrior,1
Alecia Burnap,Scrubs,4
Alecia Burnap,Fullmetal Alchemist: The Sacred Star of Milos,4
Alecia Burnap,Scott Pilgrim vs. the World,1
Alecia Burnap,Interstellar,3
Nevada Ennals,Son of Frankenstein,5
Nevada Ennals,Metal Gear Solid: The Twin Snakes,2
Nevada Ennals,Metal Gear Solid V: The Phantom Pain,5
Nevada Ennals,Neon Genesis Evangelion: The End of Evangelion,1
Nevada Ennals,Fallen Angels,2
Nevada Ennals,Terminator 2: Judgment Day,5
Leon Sawatzky,Howls Moving Castle,2
Leon Sawatzky,The Matrix,2
Leon Sawatzky,Ace Ventura: When Nature Calls,1
Leon Sawatzky,Interstellar,5
Leon Sawatzky,The Last of Us,5
Leon Sawatzky,A Nightmare on Elm Street,5
Leon Sawatzky,Troll 2,1
Leon Sawatzky,Firefly,2
Artie Altsisi,Blue Velvet,4
Artie Altsisi,A Bugs Life,4
Artie Altsisi,The Lion King,3
Artie Altsisi,The Terminator,4
Artie Altsisi,Princess Mononoke,5
Elvera Craveiro,Inglourious Basterds,1
Elvera Craveiro,Metal Gear Solid V: The Phantom Pain,5
Elvera Craveiro,Metal Gear Solid 3: Snake Eater,2
Elvera Craveiro,A Time to Kill,5
Elvera Craveiro,Son of Frankenstein,3
Elvera Craveiro,Insomnia,2
Elvera Craveiro,Terminator 2: Judgment Day,5
Lorna Jourdain,True Lies,4
Lorna Jourdain,Fullmetal Alchemist: The Sacred Star of Milos,3
Lorna Jourdain,Monty Pythons Flying Circus,1
Lorna Jourdain,Texas Chainsaw Massacre: The Next Generation,3
Lorna Jourdain,Insomnia,4
Traci Kazabi,Star Wars: Episode VI - Return of the Jedi,3
Traci Kazabi,Jackie Brown,4
Traci Kazabi,Monsters Inc.,5
Traci Kazabi,Son of Frankenstein,4
Camille Schaer,Metal Gear Solid 3: Snake Eater,5
Camille Schaer,Tangled,2
Camille Schaer,Bruce Almighty,3
Camille Schaer,A Fistful of Dollars,4
Camille Schaer,The Dark Knight Rises,2
Camille Schaer,Batman Begins,1
Camille Schaer,Monty Python and the Holy Grail,3
Camille Schaer,Jupiter Ascending,2
Camille Schaer,The Prestige,1
Manie Chenauls,Total Recall,1
Manie Chenauls,The Dark Knight,1
Manie Chenauls,The Prestige,2
Manie Chenauls,Metal Gear Solid 2: Sons of Liberty,1
Manie Chenauls,WALL·E,1
Lyla Ruvalcava,Star Wars: Episode V - The Empire Strikes Back,2
Lyla Ruvalcava,Terminator 2: Judgment Day,4
Lyla Ruvalcava,Aladdin,4
Lyla Ruvalcava,Ace Ventura: Pet Detective,4
Lyla Ruvalcava,Neon Genesis Evangelion,3
Lyla Ruvalcava,The Good the Bad and the Ugly,4
Lyla Ruvalcava,Eraserhead,4
Lyla Ruvalcava,The Lion King,5
Lyla Ruvalcava,Spirited Away,4
Brandie Lulic,Death Proof,3
Brandie Lulic,Castle in the Sky,3
Brandie Lulic,Insomnia,4
Brandie Lulic,Batman & Robin,5
Brandie Lulic,Monty Pythons Flying Circus,4
Brandie Lulic,Jupiter Ascending,4
Brandie Lulic,Hot Fuzz,3
Brandie Lulic,Blue Velvet,1
Brandie Lulic,Inception,4
Anna Dowlin,Akira,2
Anna Dowlin,Mad Max 2: The Road Warrior,3
Anna Dowlin,The Lion King,2
Anna Dowlin,Star Wars: Episode VI - Return of the Jedi,5
Anna Dowlin,For a Few Dollars More,3
Else Villamayor,Star Wars: Episode IV - A New Hope,2
Else Villamayor,Toy Story,3
Else Villamayor,Total Recall,2
Else Villamayor,Django Unchained,1
Else Villamayor,Insomnia,4
Else Villamayor,Dragon Ball: Curse of the Blood Rubies,5
Else Villamayor,Son of Frankenstein,3
Else Villamayor,A Bugs Life,4
Marlen Mccrabb,A Time to Kill,4
Marlen Mccrabb,Ace Ventura: When Nature Calls,4
Marlen Mccrabb,The Incredibles,4
Marlen Mccrabb,Arrested Development,4
Marlen Mccrabb,The Matrix Revolutions,1
Marlen Mccrabb,The Worlds End,1
Marlen Mccrabb,Fullmetal Alchemist: The Sacred Star of Milos,3
Carmina Tattersall,Son of Frankenstein,2
Carmina Tattersall,Pulp Fiction,3
Carmina Tattersall,Metal Gear Solid V: The Phantom Pain,2
Carmina Tattersall,A Fistful of Dollars,4
Carmina Tattersall,True Grit,4
Mandi Ahles,The Room,2
Mandi Ahles,Batman Begins,5
Mandi Ahles,Once Upon a Time in the West,5
Mandi Ahles,Son of Frankenstein,5
Mandi Ahles,FLCL,3
Regena Duane,Metal Gear Solid 4: Guns of the Patriots,3
Regena Duane,The Dark Knight,4
Regena Duane,Perfect Blue,5
Regena Duane,Fallen Angels,1
Drucilla Holaway,A Nightmare on Elm Street,4
Drucilla Holaway,Neon Genesis Evangelion: The End of Evangelion,5
Drucilla Holaway,The Running Man,1
Drucilla Holaway,Silent Hill 2,5
Drucilla Holaway,Shaun of the Dead,5
Drucilla Holaway,Blue Velvet,5
Drucilla Holaway,Scott Pilgrim vs. the World,5
Marlys Wegner,Pulp Fiction,3
Marlys Wegner,Kill Bill: Vol. 2,3
Marlys Wegner,Metal Gear Solid V: The Phantom Pain,1
Marlys Wegner,Spirited Away,3
Marlys Wegner,Batman Forever,5
Gabrielle Schweiker,True Lies,3
Gabrielle Schweiker,Dragon Ball: Curse of the Blood Rubies,2
Gabrielle Schweiker,Castle in the Sky,5
Gabrielle Schweiker,Cowboy Bebop,5
Gabrielle Schweiker,Total Recall,4
Gabrielle Schweiker,Shaun of the Dead,1
Elouise Baffuto,Inglourious Basterds,4
Elouise Baffuto,Neon Genesis Evangelion,4
Elouise Baffuto,Fallen Angels,5
Elouise Baffuto,Archer,5
Elouise Baffuto,A Time to Kill,3
Elouise Baffuto,The Worlds End,1
Elouise Baffuto,Princess Mononoke,2
Dorathy Espiridion,Eraserhead,5
Dorathy Espiridion,Jupiter Ascending,5
Dorathy Espiridion,Silent Hill 3,4
Dorathy Espiridion,The IT Crowd,4
Dorathy Espiridion,Scott Pilgrim vs. the World,4
Dorathy Espiridion,Cowboy Bebop: The Movie,2
Dorathy Espiridion,Interstellar,3
Dawna Wetherell,Casino Royale,3
Dawna Wetherell,Scrubs,3
Dawna Wetherell,Monsters Inc.,4
Dawna Wetherell,Metal Gear Solid V: The Phantom Pain,1
Dawna Wetherell,Aladdin,2
Dawna Wetherell,The Terminator,5
Dawna Wetherell,The Prestige,1
Claudine Latta,A Bugs Life,3
Claudine Latta,Inglourious Basterds,2
Claudine Latta,Bruce Almighty,4
Claudine Latta,Metal Gear Solid 3: Snake Eater,5
Claudine Latta,Fullmetal Alchemist: The Sacred Star of Milos,1
Claudine Latta,WALL·E,4
Claudine Latta,A Time to Kill,3
Claudine Latta,Dragon Ball Z,1
Claris Saltman,Toy Story 2,1
Claris Saltman,Rosemarys Baby,2
Claris Saltman,Toy Story,1
Claris Saltman,The Dark Knight,2
Claris Saltman,Arrested Development,5
Claris Saltman,The Matrix Reloaded,5
Claris Saltman,Monty Pythons Flying Circus,4
Brigitte Brallier,The IT Crowd,1
Brigitte Brallier,A Bugs Life,2
Brigitte Brallier,Hot Fuzz,2
Brigitte Brallier,Firefly,4
Brigitte Brallier,Castle in the Sky,4
Brigitte Brallier,Arrested Development,2
Brigitte Brallier,Akira,3
Gary Ginnings,Reservoir Dogs,4
Gary Ginnings,A Fistful of Dollars,3
Gary Ginnings,Neon Genesis Evangelion,3
Gary Ginnings,The Matrix,4
Gary Ginnings,Insomnia,5
Ashli Bundick,Dune,2
Ashli Bundick,Inception,2
Ashli Bundick,The Dark Knight Rises,2
Ashli Bundick,The Terminator,4
Ashli Bundick,Jingle All the Way,3
Ashli Bundick,Akira,3
Ashli Bundick,The Worlds End,2
Ashli Bundick,Neon Genesis Evangelion: The End of Evangelion,5
Ashli Bundick,The Prestige,1
Delma Finkenbiner,Eraserhead,3
Delma Finkenbiner,Monsters Inc.,2
Delma Finkenbiner,Batman & Robin,3
Delma Finkenbiner,The Matrix,3
Delma Finkenbiner,A Nightmare on Elm Street,1
Monika Trento,Jingle All the Way,3
Monika Trento,Shaun of the Dead,3
Monika Trento,Toy Story 2,1
Monika Trento,Silent Hill 2,4
Monika Trento,Interstellar,3
Monika Trento,Dragon Ball Z,2
Monika Trento,A Fistful of Dollars,2
Monika Trento,The Room,5
Francene Caliguire,The Last of Us,1
Francene Caliguire,The Incredibles,2
Francene Caliguire,Shaun of the Dead,5
Francene Caliguire,Jupiter Ascending,5
Francene Caliguire,Neon Genesis Evangelion: The End of Evangelion,2
Francene Caliguire,Fallen Angels,1
Francene Caliguire,Princess Mononoke,4
Francene Caliguire,Eraserhead,1
Francene Caliguire,Tangled,5
Rubye Gowler,The Worlds End,3
Rubye Gowler,The Matrix Reloaded,5
Rubye Gowler,Metal Gear Solid V: The Phantom Pain,1
Rubye Gowler,Jupiter Ascending,2
Rubye Gowler,Son of Frankenstein,3
Rubye Gowler,For a Few Dollars More,1
Franchesca Breedlove,Metal Gear Solid 2: Sons of Liberty,4
Franchesca Breedlove,The Matrix,2
Franchesca Breedlove,Neon Genesis Evangelion: The End of Evangelion,5
Franchesca Breedlove,Jingle All the Way,3
Franchesca Breedlove,Death Proof,5
Franchesca Breedlove,Ace Ventura: When Nature Calls,2
Franchesca Breedlove,Toy Story,2
Franchesca Breedlove,Rosemarys Baby,1
Kelle Juliet,Firefly,2
Kelle Juliet,The Room,2
Kelle Juliet,Howls Moving Castle,1
Kelle Juliet,Samurai Champloo,2
Kelle Juliet,Arrested Development,1
Kelle Juliet,The Matrix Revolutions,5
Kelle Juliet,Neon Genesis Evangelion: The End of Evangelion,5
Kelle Juliet,Inglourious Basterds,5
Kelle Juliet,Scrubs,4
Candelaria Morisseau,Spirited Away,2
Candelaria Morisseau,Mad Max Beyond Thunderdome,3
Candelaria Morisseau,The Room,1
Candelaria Morisseau,Shaun of the Dead,4
Candelaria Morisseau,The Good the Bad and the Ugly,4
Candelaria Morisseau,Metal Gear Solid 3: Snake Eater,1
Candelaria Morisseau,Dragon Ball: Mystical Adventure,3
Candelaria Morisseau,Metal Gear Solid 2: Sons of Liberty,1
Maybelle Shappard,The Good the Bad and the Ugly,5
Maybelle Shappard,FLCL,3
Maybelle Shappard,Dragon Ball: Mystical Adventure,2
Maybelle Shappard,Metal Gear Solid 2: Sons of Liberty,4
Maybelle Shappard,Inglourious Basterds,1
Maybelle Shappard,Donnie Darko,3
Maybelle Shappard,Monty Pythons Flying Circus,2
Maybelle Shappard,Hot Fuzz,3
Blake Tosado,Jingle All the Way,1
Blake Tosado,Son of Frankenstein,2
Blake Tosado,Neon Genesis Evangelion: The End of Evangelion,3
Blake Tosado,Monty Python and the Holy Grail,5
Blake Tosado,The Incredibles,2
Blake Tosado,The Room,2
Blake Tosado,Archer,5
Blake Tosado,Donnie Darko,2
Alpha Vitkus,Inglourious Basterds,5
Alpha Vitkus,Twin Peaks,3
Alpha Vitkus,Neon Genesis Evangelion,1
Alpha Vitkus,Reservoir Dogs,4
Alpha Vitkus,Donnie Darko,1
Alpha Vitkus,Star Wars: Episode IV - A New Hope,2
Alpha Vitkus,Metal Gear Solid 3: Snake Eater,4
Alpha Vitkus,Casino Royale,1
Carlota Pangan,A Bugs Life,3
Carlota Pangan,Neon Genesis Evangelion: The End of Evangelion,2
Carlota Pangan,Dune,1
Carlota Pangan,Kill Bill: Vol. 2,4
Carlota Pangan,True Lies,5
Carlota Pangan,Jackie Brown,3
Carlota Pangan,Inception,1
Cathryn Leisher,Jingle All the Way,2
Cathryn Leisher,Fullmetal Alchemist: The Sacred Star of Milos,5
Cathryn Leisher,The Matrix,1
Cathryn Leisher,Terminator 2: Judgment Day,3
Cathryn Leisher,The Matrix Reloaded,3
Cathryn Leisher,Casino Royale,2
Cathryn Leisher,The Dark Knight Rises,4
Cathryn Leisher,The Dark Knight,5
Lanita Nimmer,Scott Pilgrim vs. the World,3
Lanita Nimmer,The Good the Bad and the Ugly,1
Lanita Nimmer,Rosemarys Baby,2
Lanita Nimmer,Princess Mononoke,3
Lanita Nimmer,Silent Hill 2,1
Lanita Nimmer,Star Wars: Episode VI - Return of the Jedi,4
Lanita Nimmer,Total Recall,2
Lanita Nimmer,The Matrix,4
Lanita Nimmer,Castle in the Sky,3
Juliet Embery,The Running Man,5
Juliet Embery,Star Wars: Episode IV - A New Hope,4
Juliet Embery,Rosemarys Baby,1
Juliet Embery,Eraserhead,5
Juliet Embery,Ace Ventura: When Nature Calls,1
Juliet Embery,Ace Ventura: Pet Detective,4
Annette Luskey,Rick and Morty,4
Annette Luskey,Blue Velvet,3
Annette Luskey,Donnie Darko,2
Annette Luskey,Rosemarys Baby,2
Annette Luskey,Samurai Champloo,1
Annette Luskey,Jingle All the Way,2
Annette Luskey,Once Upon a Time in the West,4
Evette Perich,Rick and Morty,3
Evette Perich,Aladdin,5
Evette Perich,Castle in the Sky,5
Evette Perich,Django Unchained,4
Evette Perich,The Terminator,1
Evette Perich,Star Wars: Episode V - The Empire Strikes Back,5
Evette Perich,Samurai Champloo,2
Kiara Rathjen,Ace Ventura: When Nature Calls,5
Kiara Rathjen,Metal Gear Solid 2: Sons of Liberty,4
Kiara Rathjen,Metal Gear Solid V: The Phantom Pain,5
Kiara Rathjen,Terminator 2: Judgment Day,5
Kiara Rathjen,Hot Fuzz,4
Kiara Rathjen,Castle in the Sky,2
Tricia Cacy,A Fistful of Dollars,2
Tricia Cacy,Mad Max Beyond Thunderdome,2
Tricia Cacy,Cowboy Bebop: The Movie,3
Tricia Cacy,Star Wars: Episode V - The Empire Strikes Back,5
Tricia Cacy,The Dark Knight,3
Kaitlin Birk,Aladdin,1
Kaitlin Birk,The Dark Knight Rises,4
Kaitlin Birk,Mad Max Beyond Thunderdome,2
Kaitlin Birk,The Thing,2
Kaitlin Birk,Silent Hill 2,3
Kaitlin Birk,Finding Nemo,2
Nickie Ucha,Cowboy Bebop,4
Nickie Ucha,Game of Thrones,2
Nickie Ucha,Metal Gear Solid 4: Guns of the Patriots,3
Nickie Ucha,Ace Ventura: Pet Detective,2
Nickie Ucha,True Grit,3
Nickie Ucha,The IT Crowd,5
Suzy Schirm,Monty Python and the Holy Grail,3
Suzy Schirm,Dune,2
Suzy Schirm,The Last of Us,2
Suzy Schirm,Castle in the Sky,2
Suzy Schirm,Firefly,5
Suzy Schirm,Archer,4
Suzy Schirm,Rosemarys Baby,2
Suzy Schirm,A Bugs Life,2
Suzy Schirm,Finding Nemo,5
Le Hopfensperger,Son of Frankenstein,3
Le Hopfensperger,Silent Hill 2,2
Le Hopfensperger,Monty Pythons Flying Circus,4
Le Hopfensperger,Toy Story,5
Le Hopfensperger,Scrubs,4
Yessenia Freguson,Neon Genesis Evangelion: The End of Evangelion,2
Yessenia Freguson,Metal Gear Solid: The Twin Snakes,5
Yessenia Freguson,Pulp Fiction,2
Yessenia Freguson,Jupiter Ascending,1
Yessenia Freguson,Akira,5
Yessenia Freguson,Dragon Ball: Mystical Adventure,2
Yessenia Freguson,Scrubs,1
Yessenia Freguson,Howls Moving Castle,3
Sarita Balzer,Once Upon a Time in the West,3
Sarita Balzer,The Phantom of the Opera,5
Sarita Balzer,The Dark Knight Rises,5
Sarita Balzer,Shaun of the Dead,4
Sarita Balzer,Interstellar,2
Wendi Grenier,Mad Max: Fury Road,4
Wendi Grenier,Scrubs,5
Wendi Grenier,The Matrix Revolutions,5
Wendi Grenier,True Grit,4
Farrah Buckmeon,Neon Genesis Evangelion,5
Farrah Buckmeon,The Lion King,1
Farrah Buckmeon,Hot Fuzz,4
Farrah Buckmeon,Kill Bill: Vol. 2,3
Farrah Buckmeon,Princess Mononoke,2
Farrah Buckmeon,The Dark Knight Rises,2
Barbara Schaul,Texas Chainsaw Massacre: The Next Generation,1
Barbara Schaul,Monty Pythons Flying Circus,2
Barbara Schaul,Reservoir Dogs,4
Barbara Schaul,Mad Max Beyond Thunderdome,3
Barbara Schaul,Django Unchained,4
Barbara Schaul,Aladdin,4
Shelby Saltz,Bride of Frankenstein,2
Shelby Saltz,Jackie Brown,3
Shelby Saltz,Hot Fuzz,4
Shelby Saltz,The Dark Knight Rises,2
Shelby Saltz,Kill Bill: Vol. 1,5
Janina Kossmann,Neon Genesis Evangelion,3
Janina Kossmann,A Nightmare on Elm Street,2
Janina Kossmann,Casino Royale,4
Janina Kossmann,Tangled,5
Janina Kossmann,The Matrix Reloaded,1
Marjorie Barcena,Game of Thrones,1
Marjorie Barcena,The Last of Us,5
Marjorie Barcena,Star Wars: Episode V - The Empire Strikes Back,4
Marjorie Barcena,Star Wars: Episode VI - Return of the Jedi,1
Marjorie Barcena,Toy Story 2,3
Shawnda Ropiski,Hot Fuzz,5
Shawnda Ropiski,Twin Peaks,4
Shawnda Ropiski,The Dark Knight Rises,2
Shawnda Ropiski,Game of Thrones,4
Shawnda Ropiski,For a Few Dollars More,5
Arnette Habash,Cowboy Bebop: The Movie,4
Arnette Habash,Howls Moving Castle,3
Arnette Habash,Samurai Champloo,4
Arnette Habash,A Time to Kill,3
Arnette Habash,A Bugs Life,3
Barb Gracie,The Good the Bad and the Ugly,5
Barb Gracie,Neon Genesis Evangelion: The End of Evangelion,1
Barb Gracie,Twin Peaks,5
Barb Gracie,Spirited Away,5
Barb Gracie,Cowboy Bebop: The Movie,5
Barb Gracie,Star Wars: Episode IV - A New Hope,4
Barb Gracie,Dragon Ball: Curse of the Blood Rubies,1
Aletha Bostel,The Good the Bad and the Ugly,2
Aletha Bostel,Scrubs,1
Aletha Bostel,Silent Hill 3,5
Aletha Bostel,Terminator 2: Judgment Day,2
Aletha Bostel,Monsters Inc.,5
Aletha Bostel,Batman Begins,5
Aletha Bostel,Scott Pilgrim vs. the World,4
Aletha Bostel,Kill Bill: Vol. 2,1
Dulce Savakis,Memento,3
Dulce Savakis,The Matrix Revolutions,1
Dulce Savakis,Ace Ventura: Pet Detective,5
Dulce Savakis,Perfect Blue,4
Dulce Savakis,Mad Max: Fury Road,5
Dulce Savakis,Inglourious Basterds,4
Dulce Savakis,Star Wars: Episode IV - A New Hope,1
Dulce Savakis,Inception,3
Dulce Savakis,Monty Pythons Flying Circus,3
Sherice Korner,Firefly,3
Sherice Korner,A Nightmare on Elm Street,4
Sherice Korner,Star Wars: Episode VI - Return of the Jedi,3
Sherice Korner,Batman Begins,2
Sherice Korner,The Incredibles,5
Josephine Hryniewich,Twin Peaks,4
Josephine Hryniewich,WALL·E,5
Josephine Hryniewich,Scrubs,2
Josephine Hryniewich,Hot Fuzz,4
Josephine Hryniewich,Game of Thrones,5
Josephine Hryniewich,Monty Python and the Holy Grail,5
Josephine Hryniewich,The Lion King,2
Josephine Hryniewich,Kill Bill: Vol. 2,4
Josephine Hryniewich,Silent Hill 2,5
Dannette Fillyaw,Cowboy Bebop: The Movie,1
Dannette Fillyaw,Inglourious Basterds,5
Dannette Fillyaw,The Phantom of the Opera,4
Dannette Fillyaw,The Running Man,4
Dannette Fillyaw,The Last of Us,1
Dannette Fillyaw,Howls Moving Castle,2
Dannette Fillyaw,Once Upon a Time in the West,1
Dannette Fillyaw,Metal Gear Solid 3: Snake Eater,4
Dannette Fillyaw,Finding Nemo,5
Maya Yerbic,Eraserhead,1
Maya Yerbic,The Thing,5
Maya Yerbic,Bruce Almighty,3
Maya Yerbic,The Matrix,2
Maya Yerbic,Perfect Blue,1
Maya Yerbic,Archer,3
Maya Yerbic,The Matrix Revolutions,5
Tama Damours,Hot Fuzz,3
Tama Damours,Firefly,3
Tama Damours,Shaun of the Dead,5
Tama Damours,Metal Gear Solid 2: Sons of Liberty,3
Tama Damours,Toy Story,3
Tama Damours,Monsters Inc.,5
Tama Damours,Jingle All the Way,2
Tama Damours,Interstellar,5
Milagros Mccalmont,The Matrix Revolutions,1
Milagros Mccalmont,Castle in the Sky,4
Milagros Mccalmont,Blue Velvet,3
Milagros Mccalmont,Silent Hill 3,1
Milagros Mccalmont,The Lion King,5
Milagros Mccalmont,Dune,3
Milagros Mccalmont,Scrubs,3
Treasa Veigel,Silent Hill 3,2
Treasa Veigel,Fullmetal Alchemist: The Sacred Star of Milos,5
Treasa Veigel,Kill Bill: Vol. 1,5
Treasa Veigel,The Matrix Reloaded,2
Treasa Veigel,For a Few Dollars More,2
Corinna Delana,Kill Bill: Vol. 1,1
Corinna Delana,The IT Crowd,4
Corinna Delana,Interstellar,4
Corinna Delana,Scrubs,3
Corinna Delana,Metal Gear Solid 4: Guns of the Patriots,4
Conception Eisenhauer,Inglourious Basterds,3
Conception Eisenhauer,Bride of Frankenstein,3
Conception Eisenhauer,Mad Max 2: The Road Warrior,3
Conception Eisenhauer,Neon Genesis Evangelion,3
Conception Eisenhauer,Inception,1
Conception Eisenhauer,Kill Bill: Vol. 2,2
Conception Eisenhauer,Casino Royale,3
Conception Eisenhauer,Perfect Blue,3
Tawnya Truscott,The Worlds End,1
Tawnya Truscott,Death Proof,1
Tawnya Truscott,Dragon Ball: Curse of the Blood Rubies,3
Tawnya Truscott,Casino Royale,3
Tawnya Truscott,Arrested Development,1
Dimple Been,Memento,2
Dimple Been,For a Few Dollars More,1
Dimple Been,The Good the Bad and the Ugly,1
Dimple Been,The Last of Us,2
Dimple Been,Son of Frankenstein,2
Dimple Been,The Running Man,2
Dimple Been,Django Unchained,5
Cher Kostenko,Tangled,5
Cher Kostenko,Howls Moving Castle,1
Cher Kostenko,Scott Pilgrim vs. the World,3
Cher Kostenko,Kill Bill: Vol. 1,4
Cher Kostenko,The Matrix,5
Cher Kostenko,Rosemarys Baby,1
Cher Kostenko,Spirited Away,3
Cher Kostenko,The Lion King,1
Cher Kostenko,Samurai Champloo,5
Stella Schwebke,Once Upon a Time in the West,2
Stella Schwebke,A Nightmare on Elm Street,1
Stella Schwebke,Batman Begins,5
Stella Schwebke,Mad Max: Fury Road,4
Stella Schwebke,The Matrix Revolutions,3
India Benn,Cowboy Bebop,3
India Benn,Finding Nemo,2
India Benn,Cowboy Bebop: The Movie,2
India Benn,Kill Bill: Vol. 1,4
India Benn,Dragon Ball: Mystical Adventure,2
India Benn,The Running Man,3
India Benn,Game of Thrones,3
Susy Beecham,A Bugs Life,3
Susy Beecham,Metal Gear Solid 3: Snake Eater,3
Susy Beecham,Monsters Inc.,3
Susy Beecham,Mad Max: Fury Road,5
Susy Beecham,Toy Story 2,4
Susy Beecham,Inglourious Basterds,2
Michal Clemenson,Metal Gear Solid 4: Guns of the Patriots,4
Michal Clemenson,Finding Nemo,2
Michal Clemenson,A Fistful of Dollars,3
Michal Clemenson,Jingle All the Way,4
Michal Clemenson,Hot Fuzz,2
Michal Clemenson,Reservoir Dogs,5
Michal Clemenson,Kill Bill: Vol. 2,1
Michal Clemenson,Bruce Almighty,2
Michal Clemenson,The Matrix Revolutions,2
Cathi Rakestrow,The Incredibles,2
Cathi Rakestrow,The Worlds End,4
Cathi Rakestrow,Aladdin,1
Cathi Rakestrow,Silent Hill 2,5
Cathi Rakestrow,Total Recall,1
Cathi Rakestrow,Monty Python and the Holy Grail,1
Cathi Rakestrow,Bruce Almighty,2
Lakia Larive,Jupiter Ascending,3
Lakia Larive,Jackie Brown,2
Lakia Larive,The Matrix Revolutions,1
Lakia Larive,Finding Nemo,2
Lakia Larive,Dragon Ball Z,1
Kathlene Wykoff,Star Wars: Episode VI - Return of the Jedi,3
Kathlene Wykoff,Metal Gear Solid 2: Sons of Liberty,2
Kathlene Wykoff,Mad Max Beyond Thunderdome,5
Kathlene Wykoff,Hot Fuzz,1
Kathlene Wykoff,Silent Hill 2,4
Kathlene Wykoff,The Terminator,2
Aubrey Maglott,Bride of Frankenstein,1
Aubrey Maglott,Fullmetal Alchemist: The Sacred Star of Milos,4
Aubrey Maglott,Inglourious Basterds,2
Aubrey Maglott,Howls Moving Castle,1
Aubrey Maglott,Game of Thrones,1
Kristal Fouts,Death Proof,4
Kristal Fouts,Memento,3
Kristal Fouts,A Time to Kill,5
Kristal Fouts,For a Few Dollars More,5
Kristal Fouts,Star Wars: Episode V - The Empire Strikes Back,4
Kristal Fouts,Rosemarys Baby,5
Kristal Fouts,The Incredibles,4
Tynisha Borio,WALL·E,1
Tynisha Borio,Dragon Ball: Curse of the Blood Rubies,5
Tynisha Borio,Castle in the Sky,1
Tynisha Borio,Batman Begins,4
Tynisha Borio,Silent Hill 2,5
Tynisha Borio,Game of Thrones,3
Tynisha Borio,A Time to Kill,5
Tynisha Borio,Total Recall,4
Brunilda Sawrey,Son of Frankenstein,1
Brunilda Sawrey,Fallen Angels,1
Brunilda Sawrey,Monty Pythons Flying Circus,2
Brunilda Sawrey,The Thing,4
Brunilda Sawrey,For a Few Dollars More,3
Brunilda Sawrey,Cowboy Bebop: The Movie,3
Brunilda Sawrey,A Fistful of Dollars,1
Camie Lohrman,Dragon Ball Z,2
Camie Lohrman,True Grit,4
Camie Lohrman,WALL·E,4
Camie Lohrman,Jupiter Ascending,2
Camie Lohrman,Metal Gear Solid V: The Phantom Pain,1
Camie Lohrman,Death Proof,4
Elsy Witcher,Batman Forever,5
Elsy Witcher,Inception,5
Elsy Witcher,Spirited Away,3
Elsy Witcher,Toy Story,2
Elsy Witcher,Inglourious Basterds,2
Elsy Witcher,Dragon Ball: Curse of the Blood Rubies,2
Elsy Witcher,WALL·E,1
Elsy Witcher,Reservoir Dogs,3
Rhea Elmblad,Django Unchained,3
Rhea Elmblad,The Worlds End,1
Rhea Elmblad,Memento,2
Rhea Elmblad,Batman & Robin,2
Rhea Elmblad,Mad Max: Fury Road,3
Rhea Elmblad,The Prestige,1
Rhea Elmblad,Dragon Ball Z,3
Clelia Ceruantes,Arrested Development,1
Clelia Ceruantes,Ace Ventura: Pet Detective,4
Clelia Ceruantes,Metal Gear Solid 4: Guns of the Patriots,5
Clelia Ceruantes,Fullmetal Alchemist: The Sacred Star of Milos,5
Clelia Ceruantes,Metal Gear Solid 3: Snake Eater,4
Clelia Ceruantes,Once Upon a Time in the West,3
Clelia Ceruantes,Bride of Frankenstein,4
Clare Pegues,FLCL,3
Clare Pegues,A Nightmare on Elm Street,1
Clare Pegues,Bruce Almighty,2
Clare Pegues,The Room,3
Clare Pegues,Silent Hill 3,5
Val Tuppen,Ace Ventura: When Nature Calls,5
Val Tuppen,True Grit,3
Val Tuppen,Jingle All the Way,4
Val Tuppen,Metal Gear Solid 3: Snake Eater,5
Val Tuppen,Troll 2,1
Val Tuppen,Reservoir Dogs,5
Val Tuppen,Once Upon a Time in the West,1
Val Tuppen,Bruce Almighty,3
Val Tuppen,Firefly,4
Mitzi Poremski,Mad Max 2: The Road Warrior,5
Mitzi Poremski,Silent Hill 3,1
Mitzi Poremski,The IT Crowd,2
Mitzi Poremski,A Fistful of Dollars,1
Mitzi Poremski,Shaun of the Dead,5
Aurelia Harrelson,Perfect Blue,1
Aurelia Harrelson,Archer,5
Aurelia Harrelson,For a Few Dollars More,3
Aurelia Harrelson,Fullmetal Alchemist: The Sacred Star of Milos,2
Aurelia Harrelson,Cowboy Bebop,4
Aurelia Harrelson,Aladdin,2
Otelia Cumoletti,Insomnia,1
Otelia Cumoletti,Terminator 2: Judgment Day,1
Otelia Cumoletti,Metal Gear Solid 3: Snake Eater,5
Otelia Cumoletti,Firefly,5
Contessa Segers,Mad Max: Fury Road,2
Contessa Segers,Kill Bill: Vol. 2,1
Contessa Segers,Fullmetal Alchemist: The Sacred Star of Milos,2
Contessa Segers,Monty Pythons Flying Circus,2
Contessa Segers,Ace Ventura: When Nature Calls,1
Contessa Segers,The Matrix Revolutions,1
Contessa Segers,WALL·E,5
Dena Silliman,Castle in the Sky,4
Dena Silliman,Samurai Champloo,2
Dena Silliman,Jackie Brown,3
Dena Silliman,Firefly,1
Dena Silliman,A Nightmare on Elm Street,5
Nyla Fleeks,Once Upon a Time in the West,4
Nyla Fleeks,Reservoir Dogs,1
Nyla Fleeks,For a Few Dollars More,1
Nyla Fleeks,Twin Peaks,5
Nyla Fleeks,Inglourious Basterds,2
Nyla Fleeks,The Incredibles,3
Nyla Fleeks,Star Wars: Episode IV - A New Hope,2
Krystin Canizales,Samurai Champloo,1
Krystin Canizales,Rosemarys Baby,2
Krystin Canizales,Mad Max 2: The Road Warrior,1
Krystin Canizales,The Phantom of the Opera,1
Krystin Canizales,Jackie Brown,3
Krystin Canizales,The Running Man,1
Jeanette Spella,Kill Bill: Vol. 1,5
Jeanette Spella,Troll 2,2
Jeanette Spella,WALL·E,5
Jeanette Spella,The Worlds End,5
Jeanette Spella,Star Wars: Episode V - The Empire Strikes Back,1
Jeanette Spella,Toy Story 2,4
Jeanette Spella,Howls Moving Castle,3
Audrey Tetterton,Star Wars: Episode V - The Empire Strikes Back,5
Audrey Tetterton,Rick and Morty,2
Audrey Tetterton,The Last of Us,5
Audrey Tetterton,Princess Mononoke,5
Audrey Tetterton,Neon Genesis Evangelion: The End of Evangelion,5
Audrey Tetterton,A Time to Kill,1
Audrey Tetterton,The Terminator,5
Audrey Tetterton,Troll 2,3
Roxanna Siefken,Bride of Frankenstein,2
Roxanna Siefken,A Fistful of Dollars,1
Roxanna Siefken,Finding Nemo,2
Roxanna Siefken,Metal Gear Solid: The Twin Snakes,5
Roxanna Siefken,Toy Story 2,2
Roxanna Siefken,Texas Chainsaw Massacre: The Next Generation,5
Gwyneth Daleo,Metal Gear Solid 4: Guns of the Patriots,4
Gwyneth Daleo,Cowboy Bebop,4
Gwyneth Daleo,Metal Gear Solid 3: Snake Eater,5
Gwyneth Daleo,Pulp Fiction,4
Gwyneth Daleo,A Bugs Life,1
Gwyneth Daleo,Twin Peaks,1
Gwyneth Daleo,Jingle All the Way,1
Gwyneth Daleo,Scrubs,2
Gwyneth Daleo,Castle in the Sky,3
Lashanda Fantauzzi,Akira,5
Lashanda Fantauzzi,Pulp Fiction,5
Lashanda Fantauzzi,A Fistful of Dollars,3
Lashanda Fantauzzi,Spirited Away,3
Lashanda Fantauzzi,Blue Velvet,5
Latashia Shelburn,Spirited Away,4
Latashia Shelburn,The Terminator,5
Latashia Shelburn,Texas Chainsaw Massacre: The Next Generation,5
Latashia Shelburn,Aladdin,1
Latashia Shelburn,Batman Begins,3
Latashia Shelburn,Dune,5
Latashia Shelburn,Dragon Ball: Mystical Adventure,3
Latashia Shelburn,Star Wars: Episode VI - Return of the Jedi,4
Latashia Shelburn,The IT Crowd,4
Carmelia Ajasin,Batman Begins,2
Carmelia Ajasin,Finding Nemo,3
Carmelia Ajasin,Akira,5
Carmelia Ajasin,Monty Python and the Holy Grail,3
Carmelia Ajasin,The Phantom of the Opera,2
Carmelia Ajasin,Hot Fuzz,4
Carmelia Ajasin,Inglourious Basterds,5
Shenika Landt,The Matrix Revolutions,3
Shenika Landt,Toy Story 2,4
Shenika Landt,The Running Man,3
Shenika Landt,Inglourious Basterds,5
Shenika Landt,Ace Ventura: Pet Detective,2
Eliza Eovaldi,Dragon Ball: Mystical Adventure,3
Eliza Eovaldi,Archer,1
Eliza Eovaldi,A Bugs Life,4
Eliza Eovaldi,True Lies,4
Eliza Eovaldi,Casino Royale,3
Eliza Eovaldi,Scott Pilgrim vs. the World,2
Julieta Lucus,Star Wars: Episode VI - Return of the Jedi,4
Julieta Lucus,Toy Story 2,4
Julieta Lucus,Troll 2,5
Julieta Lucus,Metal Gear Solid: The Twin Snakes,3
Julieta Lucus,Eraserhead,2
Julieta Lucus,For a Few Dollars More,1
Theressa Wain,Bruce Almighty,1
Theressa Wain,The Prestige,3
Theressa Wain,True Lies,5
Theressa Wain,Django Unchained,5
Theressa Wain,Monty Python and the Holy Grail,5
Chang Morejon,Bride of Frankenstein,2
Chang Morejon,Monty Pythons Flying Circus,4
Chang Morejon,Metal Gear Solid: The Twin Snakes,1
Chang Morejon,Aladdin,2
Chang Morejon,Star Wars: Episode IV - A New Hope,1
Chang Morejon,Batman Forever,5
Chang Morejon,The Matrix Revolutions,1
Chang Morejon,Ace Ventura: Pet Detective,3
Nicolle Saggio,The Running Man,5
Nicolle Saggio,Monsters Inc.,5
Nicolle Saggio,Jingle All the Way,5
Nicolle Saggio,Metal Gear Solid 2: Sons of Liberty,1
Nicolle Saggio,True Lies,1
Nicolle Saggio,The Matrix,2
Blanche Bisi,Memento,2
Blanche Bisi,The Incredibles,3
Blanche Bisi,Samurai Champloo,3
Blanche Bisi,Twin Peaks,3
Blanche Bisi,Blue Velvet,4
Blanche Bisi,For a Few Dollars More,3
Blanche Bisi,Neon Genesis Evangelion,3
Kenda Benisek,Star Wars: Episode IV - A New Hope,2
Kenda Benisek,The IT Crowd,5
Kenda Benisek,Neon Genesis Evangelion: The End of Evangelion,4
Kenda Benisek,A Fistful of Dollars,3
Kenda Benisek,Twin Peaks,4
Kenda Benisek,The Matrix,4
Luana Gee,Django Unchained,1
Luana Gee,Neon Genesis Evangelion,1
Luana Gee,Samurai Champloo,5
Luana Gee,The Running Man,1
Luana Gee,Rick and Morty,2
Luana Gee,Cowboy Bebop: The Movie,1
Lawanda Papin,Shaun of the Dead,2
Lawanda Papin,Monty Pythons Flying Circus,1
Lawanda Papin,True Lies,5
Lawanda Papin,Fallen Angels,5
Lawanda Papin,Once Upon a Time in the West,1
Lawanda Papin,Star Wars: Episode V - The Empire Strikes Back,2
Leslee Lymaster,Donnie Darko,2
Leslee Lymaster,Arrested Development,4
Leslee Lymaster,A Time to Kill,1
Leslee Lymaster,Shaun of the Dead,4
Leslee Lymaster,Neon Genesis Evangelion,4
Leslee Lymaster,Star Wars: Episode V - The Empire Strikes Back,2
Leslee Lymaster,A Bugs Life,2
Leslee Lymaster,Dragon Ball Z,4
Leslee Lymaster,The Room,4
Tandy Ghiorso,Princess Mononoke,1
Tandy Ghiorso,Interstellar,3
Tandy Ghiorso,Reservoir Dogs,3
Tandy Ghiorso,Shaun of the Dead,4
Tandy Ghiorso,Once Upon a Time in the West,4
Tandy Ghiorso,Metal Gear Solid 4: Guns of the Patriots,1
Tandy Ghiorso,Dune,5
Tandy Ghiorso,Spirited Away,1
Coral Sosnowski,Toy Story 2,1
Coral Sosnowski,Donnie Darko,3
Coral Sosnowski,Fullmetal Alchemist: The Sacred Star of Milos,2
Coral Sosnowski,Cowboy Bebop,5
Coral Sosnowski,True Grit,2
Coral Sosnowski,Kill Bill: Vol. 2,5
Coral Sosnowski,Memento,2
Coral Sosnowski,Metal Gear Solid 4: Guns of the Patriots,4
Coral Sosnowski,Reservoir Dogs,1
Randee Splatt,Dragon Ball: Mystical Adventure,3
Randee Splatt,Silent Hill 2,1
Randee Splatt,Akira,2
Randee Splatt,Jackie Brown,3
Randee Splatt,Monty Pythons Flying Circus,3
Randee Splatt,Dragon Ball: Curse of the Blood Rubies,5
Sierra Denski,Son of Frankenstein,3
Sierra Denski,Dune,1
Sierra Denski,Bruce Almighty,3
Sierra Denski,Akira,4
Sierra Denski,For a Few Dollars More,2
Sierra Denski,The Room,3
Sierra Denski,Kill Bill: Vol. 2,4
Kris Borah,A Nightmare on Elm Street,5
Kris Borah,Scott Pilgrim vs. the World,3
Kris Borah,Star Wars: Episode IV - A New Hope,5
Kris Borah,Once Upon a Time in the West,5
Kris Borah,Fullmetal Alchemist: The Sacred Star of Milos,1
Kris Borah,Kill Bill: Vol. 1,1
Kris Borah,The Dark Knight Rises,1
Lakendra Nazaroff,Tangled,2
Lakendra Nazaroff,Dragon Ball: Curse of the Blood Rubies,3
Lakendra Nazaroff,The Terminator,2
Lakendra Nazaroff,Terminator 2: Judgment Day,5
Lakendra Nazaroff,The Worlds End,5
Lakendra Nazaroff,Howls Moving Castle,3
Lakendra Nazaroff,Metal Gear Solid 2: Sons of Liberty,1
Lakendra Nazaroff,Donnie Darko,1
Christena Vigneau,Cowboy Bebop,3
Christena Vigneau,Scott Pilgrim vs. the World,5
Christena Vigneau,Aladdin,5
Christena Vigneau,Scrubs,1
Christena Vigneau,Bride of Frankenstein,1
Christena Vigneau,Metal Gear Solid 4: Guns of the Patriots,3
Christena Vigneau,Metal Gear Solid 3: Snake Eater,2
Christena Vigneau,Princess Mononoke,1
Darcie Trumpp,Bruce Almighty,2
Darcie Trumpp,Django Unchained,4
Darcie Trumpp,Terminator 2: Judgment Day,1
Darcie Trumpp,FLCL,5
Darcie Trumpp,Mad Max 2: The Road Warrior,4
Darcie Trumpp,Interstellar,5
Darcie Trumpp,Perfect Blue,2
Beth Nimon,Rosemarys Baby,5
Beth Nimon,The Running Man,2
Beth Nimon,Fullmetal Alchemist: The Sacred Star of Milos,2
Beth Nimon,Troll 2,4
Beth Nimon,Finding Nemo,4
Beth Nimon,The Good the Bad and the Ugly,2
Beth Nimon,Silent Hill 2,2
Beth Nimon,Cowboy Bebop: The Movie,5
Bong Wada,Aladdin,2
Bong Wada,The Good the Bad and the Ugly,4
Bong Wada,Monty Python and the Holy Grail,4
Bong Wada,Blue Velvet,1
Bong Wada,Rosemarys Baby,4
Bong Wada,The Dark Knight Rises,1
Bong Wada,Mad Max 2: The Road Warrior,5
Keila Derbes,A Time to Kill,1
Keila Derbes,Inglourious Basterds,4
Keila Derbes,Jackie Brown,5
Keila Derbes,The Incredibles,2
Keila Derbes,Tangled,3
Keila Derbes,Perfect Blue,4
Melvina Miras,Aladdin,4
Melvina Miras,Arrested Development,1
Melvina Miras,The Running Man,2
Melvina Miras,Texas Chainsaw Massacre: The Next Generation,4
Melvina Miras,Monty Python and the Holy Grail,3
Melvina Miras,Eraserhead,4
Lyndsey Mcgreevy,Rick and Morty,4
Lyndsey Mcgreevy,Star Wars: Episode V - The Empire Strikes Back,2
Lyndsey Mcgreevy,Howls Moving Castle,1
Lyndsey Mcgreevy,Total Recall,5
Lyndsey Mcgreevy,Akira,2
Lyndsey Mcgreevy,Perfect Blue,4
Florine Hesley,Once Upon a Time in the West,1
Florine Hesley,Mad Max 2: The Road Warrior,2
Florine Hesley,Toy Story 2,5
Florine Hesley,Star Wars: Episode IV - A New Hope,4
Florine Hesley,The Dark Knight Rises,1
Maia Stepney,Batman Begins,3
Maia Stepney,Jackie Brown,2
Maia Stepney,Neon Genesis Evangelion: The End of Evangelion,3
Maia Stepney,Shaun of the Dead,2
Maia Stepney,Django Unchained,4
Maia Stepney,Insomnia,3
Gabriel Gronstal,Dragon Ball Z,3
Gabriel Gronstal,Fallen Angels,4
Gabriel Gronstal,The IT Crowd,2
Gabriel Gronstal,The Matrix,3
Gabriel Gronstal,Texas Chainsaw Massacre: The Next Generation,4
Gabriel Gronstal,Mad Max Beyond Thunderdome,3
Gabriel Gronstal,Howls Moving Castle,1
Nidia Kennemer,Silent Hill 3,2
Nidia Kennemer,Akira,2
Nidia Kennemer,Fallen Angels,2
Nidia Kennemer,Shaun of the Dead,3
Nidia Kennemer,The Last of Us,5
Nidia Kennemer,The Dark Knight,4
Nidia Kennemer,True Grit,2
Augustina Lacasa,Scrubs,2
Augustina Lacasa,The Matrix Revolutions,4
Augustina Lacasa,Arrested Development,4
Augustina Lacasa,The Dark Knight Rises,4
Augustina Lacasa,Aladdin,3
Alexander Medsker,Toy Story,2
Alexander Medsker,Inglourious Basterds,5
Alexander Medsker,The Thing,2
Alexander Medsker,The Phantom of the Opera,4
Alexander Medsker,Arrested Development,4
Rachael Zerko,Once Upon a Time in the West,3
Rachael Zerko,Fallen Angels,5
Rachael Zerko,Death Proof,3
Rachael Zerko,The Terminator,1
Agustina Heathcote,A Bugs Life,3
Agustina Heathcote,Neon Genesis Evangelion: The End of Evangelion,5
Agustina Heathcote,Princess Mononoke,4
Agustina Heathcote,The Matrix Reloaded,1
Agustina Heathcote,Akira,3
Agustina Heathcote,A Fistful of Dollars,2
Agustina Heathcote,The Prestige,4
Gigi Tovias,The Worlds End,3
Gigi Tovias,The Terminator,2
Gigi Tovias,True Lies,2
Gigi Tovias,Spirited Away,1
Gigi Tovias,Firefly,4
Gigi Tovias,The Dark Knight Rises,5
Gigi Tovias,Scrubs,1
Gigi Tovias,Death Proof,3
Susanna Stansifer,The Phantom of the Opera,4
Susanna Stansifer,Twin Peaks,4
Susanna Stansifer,A Fistful of Dollars,5
Susanna Stansifer,Jingle All the Way,5
Susanna Stansifer,Scott Pilgrim vs. the World,3
Charline Dillenbeck,Dune,4
Charline Dillenbeck,Star Wars: Episode IV - A New Hope,4
Charline Dillenbeck,Mad Max Beyond Thunderdome,4
Charline Dillenbeck,Mad Max: Fury Road,4
Charline Dillenbeck,Firefly,3
Charline Dillenbeck,Batman & Robin,5
Charline Dillenbeck,Castle in the Sky,5
Charline Dillenbeck,Metal Gear Solid 2: Sons of Liberty,1
Alina Petrini,Star Wars: Episode V - The Empire Strikes Back,4
Alina Petrini,Dragon Ball: Mystical Adventure,4
Alina Petrini,Jackie Brown,4
Alina Petrini,Princess Mononoke,2
Alina Petrini,Mad Max Beyond Thunderdome,2
Marylin Hink,The Prestige,5
Marylin Hink,Metal Gear Solid: The Twin Snakes,2
Marylin Hink,Metal Gear Solid V: The Phantom Pain,5
Marylin Hink,Batman Forever,1
Marylin Hink,The Matrix Reloaded,4
Vincenza Domingue,Firefly,3
Vincenza Domingue,Django Unchained,3
Vincenza Domingue,Batman Begins,4
Vincenza Domingue,Texas Chainsaw Massacre: The Next Generation,3
Jacquelynn Strandberg,The Last of Us,4
Jacquelynn Strandberg,Blue Velvet,1
Jacquelynn Strandberg,True Grit,1
Jacquelynn Strandberg,Toy Story 2,5
Jacquelynn Strandberg,Batman & Robin,2
Jacquelynn Strandberg,Tangled,3
Jacquelynn Strandberg,The Terminator,5
Jacquelynn Strandberg,Jupiter Ascending,1
Jacquelynn Strandberg,Pulp Fiction,1
Dalila Bloem,Jingle All the Way,5
Dalila Bloem,Samurai Champloo,3
Dalila Bloem,Ace Ventura: Pet Detective,4
Dalila Bloem,Memento,3
Dalila Bloem,Mad Max Beyond Thunderdome,1
Anisa Roper,WALL·E,4
Anisa Roper,Inglourious Basterds,1
Anisa Roper,Hot Fuzz,5
Anisa Roper,Mad Max Beyond Thunderdome,4
Anisa Roper,Metal Gear Solid 2: Sons of Liberty,1
Anisa Roper,The Incredibles,1
Anisa Roper,Bruce Almighty,3
Anisa Roper,Insomnia,3
Hallie Snowdy,Aladdin,2
Hallie Snowdy,Troll 2,2
Hallie Snowdy,A Bugs Life,3
Hallie Snowdy,Inglourious Basterds,1
Hallie Snowdy,Batman Forever,1
Carlie Lytell,Spirited Away,1
Carlie Lytell,Bruce Almighty,2
Carlie Lytell,Star Wars: Episode IV - A New Hope,5
Carlie Lytell,The Worlds End,4
Carlie Lytell,Rick and Morty,4
Carlie Lytell,Django Unchained,4
Carlie Lytell,Batman Forever,3
Zulma Bery,Total Recall,1
Zulma Bery,For a Few Dollars More,5
Zulma Bery,The IT Crowd,5
Zulma Bery,Batman Begins,1
Zulma Bery,Mad Max 2: The Road Warrior,2
Zulma Bery,Dune,2
Zulma Bery,The Worlds End,2
Zulma Bery,Howls Moving Castle,5
Zulma Bery,The Dark Knight,4
Meggan Guimond,Star Wars: Episode V - The Empire Strikes Back,3
Meggan Guimond,Monty Python and the Holy Grail,1
Meggan Guimond,Kill Bill: Vol. 1,2
Meggan Guimond,The Matrix Reloaded,4
Meggan Guimond,Mad Max: Fury Road,4
Meggan Guimond,For a Few Dollars More,5
Meggan Guimond,Rick and Morty,1
Kassandra Legro,The Lion King,2
Kassandra Legro,The Dark Knight,1
Kassandra Legro,A Time to Kill,4
Kassandra Legro,Texas Chainsaw Massacre: The Next Generation,5
Kassandra Legro,The Running Man,1
Kassandra Legro,Neon Genesis Evangelion,4
Kassandra Legro,Donnie Darko,2
Kassandra Legro,Metal Gear Solid V: The Phantom Pain,4
Jason Soloman,Firefly,1
Jason Soloman,The Dark Knight,5
Jason Soloman,The Good the Bad and the Ugly,3
Jason Soloman,Toy Story,1
Jason Soloman,Metal Gear Solid 2: Sons of Liberty,4
Jason Soloman,The Matrix,4
Bryanna Hallczuk,Batman & Robin,5
Bryanna Hallczuk,Dragon Ball Z,2
Bryanna Hallczuk,The Terminator,5
Bryanna Hallczuk,Howls Moving Castle,3
Bryanna Hallczuk,Inglourious Basterds,1
Apolonia Boomhower,Monsters Inc.,1
Apolonia Boomhower,Monty Python and the Holy Grail,4
Apolonia Boomhower,Neon Genesis Evangelion: The End of Evangelion,3
Apolonia Boomhower,Archer,4
Apolonia Boomhower,Bride of Frankenstein,3
Apolonia Boomhower,Aladdin,2
Apolonia Boomhower,Terminator 2: Judgment Day,3
Apolonia Boomhower,Batman Begins,4
Apolonia Boomhower,Insomnia,3
Alejandrina Strode,Neon Genesis Evangelion: The End of Evangelion,2
Alejandrina Strode,Jackie Brown,3
Alejandrina Strode,Fallen Angels,3
Alejandrina Strode,Rosemarys Baby,3
Alejandrina Strode,Pulp Fiction,1
Alejandrina Strode,Tangled,4
Alejandrina Strode,Son of Frankenstein,5
Alejandrina Strode,Ace Ventura: When Nature Calls,1
Alejandrina Strode,Batman Begins,4
Narcisa Naselli,Fallen Angels,4
Narcisa Naselli,Monty Python and the Holy Grail,3
Narcisa Naselli,Ace Ventura: When Nature Calls,3
Narcisa Naselli,Mad Max 2: The Road Warrior,2
Narcisa Naselli,A Bugs Life,5
Narcisa Naselli,Pulp Fiction,2
Narcisa Naselli,Troll 2,3
Narcisa Naselli,Ace Ventura: Pet Detective,2
Lillie Broward,Troll 2,4
Lillie Broward,Firefly,3
Lillie Broward,Batman & Robin,4
Lillie Broward,The Dark Knight Rises,3
Lillie Broward,Dragon Ball: Mystical Adventure,5
Lillie Broward,Akira,5
Lillie Broward,The Last of Us,2
Lillie Broward,For a Few Dollars More,3
Lillie Broward,Jupiter Ascending,2
Salina Zancanella,Once Upon a Time in the West,5
Salina Zancanella,True Grit,5
Salina Zancanella,A Nightmare on Elm Street,4
Salina Zancanella,Star Wars: Episode V - The Empire Strikes Back,4
Salina Zancanella,Rosemarys Baby,5
Salina Zancanella,Monsters Inc.,3
Salina Zancanella,Tangled,5
Salina Zancanella,Neon Genesis Evangelion: The End of Evangelion,2
Adriene Lessner,WALL·E,5
Adriene Lessner,Shaun of the Dead,1
Adriene Lessner,The Dark Knight Rises,3
Adriene Lessner,Ace Ventura: When Nature Calls,3
Adriene Lessner,Batman & Robin,2
Loma Disarufino,A Bugs Life,5
Loma Disarufino,The Room,5
Loma Disarufino,Bruce Almighty,1
Loma Disarufino,The Terminator,2
Loma Disarufino,A Fistful of Dollars,2
Loma Disarufino,The Matrix Reloaded,1
Loma Disarufino,Jackie Brown,1
Loma Disarufino,FLCL,3
Dede Vanvalkenburg,Blue Velvet,1
Dede Vanvalkenburg,Inception,3
Dede Vanvalkenburg,Mad Max: Fury Road,3
Dede Vanvalkenburg,Twin Peaks,4
Dede Vanvalkenburg,The Worlds End,3
Dede Vanvalkenburg,Castle in the Sky,4
Dede Vanvalkenburg,Metal Gear Solid 2: Sons of Liberty,5
Dede Vanvalkenburg,Jingle All the Way,5
Dede Vanvalkenburg,The Thing,5
Denita Alder,Django Unchained,3
Denita Alder,Insomnia,1
Denita Alder,The Incredibles,3
Denita Alder,Texas Chainsaw Massacre: The Next Generation,4
Denita Alder,Death Proof,1
Denita Alder,The Matrix Revolutions,3
Denita Alder,A Nightmare on Elm Street,5
Lela Lanter,Kill Bill: Vol. 1,4
Lela Lanter,Tangled,2
Lela Lanter,FLCL,5
Lela Lanter,Jackie Brown,3
Lela Lanter,Total Recall,3
Lela Lanter,True Grit,3
Lourdes Devora,The Last of Us,5
Lourdes Devora,A Fistful of Dollars,3
Lourdes Devora,The Dark Knight,2
Lourdes Devora,FLCL,1
Lourdes Devora,Fallen Angels,5
Savannah Luechtefeld,Ace Ventura: Pet Detective,2
Savannah Luechtefeld,Reservoir Dogs,3
Savannah Luechtefeld,Tangled,2
Savannah Luechtefeld,Once Upon a Time in the West,1
Savannah Luechtefeld,WALL·E,3
Savannah Luechtefeld,Twin Peaks,2
Savannah Luechtefeld,Cowboy Bebop,1
Savannah Luechtefeld,Insomnia,5
Savannah Luechtefeld,Howls Moving Castle,5
Vanna Meitner,Fullmetal Alchemist: The Sacred Star of Milos,3
Vanna Meitner,The Lion King,5
Vanna Meitner,Jingle All the Way,1
Vanna Meitner,Insomnia,1
Vanna Meitner,Tangled,4
Vanna Meitner,Son of Frankenstein,1
Arline Amato,Inception,4
Arline Amato,Rick and Morty,1
Arline Amato,Star Wars: Episode V - The Empire Strikes Back,1
Arline Amato,A Fistful of Dollars,1
Arline Amato,The Room,3
Arline Amato,Cowboy Bebop,4
Lorinda Stangroom,The IT Crowd,5
Lorinda Stangroom,Monsters Inc.,3
Lorinda Stangroom,The Running Man,3
Lorinda Stangroom,Neon Genesis Evangelion,5
Lorinda Stangroom,Jackie Brown,4
Frida Hurse,Kill Bill: Vol. 2,1
Frida Hurse,Blue Velvet,5
Frida Hurse,Silent Hill 2,5
Frida Hurse,Inception,3
Frida Hurse,Inglourious Basterds,1
Frida Hurse,Insomnia,2
Frida Hurse,Dragon Ball: Mystical Adventure,3
Frida Hurse,Metal Gear Solid V: The Phantom Pain,2
Josephina Perault,Dragon Ball Z,1
Josephina Perault,Cowboy Bebop: The Movie,4
Josephina Perault,Tangled,3
Josephina Perault,The Lion King,3
Consuela Muscara,Archer,1
Consuela Muscara,Ace Ventura: When Nature Calls,2
Consuela Muscara,Toy Story 2,1
Consuela Muscara,The Worlds End,2
Consuela Muscara,Game of Thrones,2
Consuela Muscara,Spirited Away,1
Consuela Muscara,Dragon Ball Z,4
Nu Corban,Hot Fuzz,4
Nu Corban,True Grit,4
Nu Corban,The Good the Bad and the Ugly,3
Nu Corban,The Phantom of the Opera,3
Nu Corban,Princess Mononoke,1
Annamaria Bodin,Silent Hill 2,4
Annamaria Bodin,Twin Peaks,5
Annamaria Bodin,Bruce Almighty,2
Annamaria Bodin,Dragon Ball Z,1
Annamaria Bodin,Toy Story 2,1
Annamaria Bodin,A Nightmare on Elm Street,2
Annamaria Bodin,Jingle All the Way,2
Annamaria Bodin,WALL·E,4
Annamaria Bodin,Firefly,5
Shandi Mohead,Monty Python and the Holy Grail,4
Shandi Mohead,The Last of Us,4
Shandi Mohead,Donnie Darko,2
Shandi Mohead,Jackie Brown,1
Shandi Mohead,Neon Genesis Evangelion,1
Vernon Hummell,Metal Gear Solid 2: Sons of Liberty,5
Vernon Hummell,Dragon Ball Z,4
Vernon Hummell,Neon Genesis Evangelion: The End of Evangelion,2
Vernon Hummell,The Matrix Revolutions,1
Vernon Hummell,Monty Python and the Holy Grail,1
Vernon Hummell,Dune,4
Vernon Hummell,Reservoir Dogs,3
