Alfreda Dozal,32,Germany,metatart,angelito
Kenya Millner,27,Japan,paddleballcartilage,septiembre
Lyndsay Tripp,42,Australia,woodlandcash,password.
Justina Szpak,34,UK,browclimbing,soto
Pilar Ellyson,23,Japan,canoecheap,teens
Emelina Bazzano,22,Canada,poncyhotpot,mallorca
Suzette Savitch,30,Germany,rafflepascals,loveyou
Tomoko Leverton,45,Japan,mouthedquizzical,monisima
Isaura Loeza,30,Hong Kong,chivep1ssing,bubba
Numbers Fiechter,43,Japan,fitraft,chicago
Jan Versteeg,38,Italy,preserveworkable,phantom
Linn Heglar,23,Japan,humorousreassuring,spider
Estela Jim,45,USA,hugespecies,nicole1
Ying Sherdon,18,Germany,exxonwistful,dennis
Patria Blankenbaker,42,UK,booksunfriendly,jasper
Antionette Nichol,23,UK,busstudied,apple
Ladonna Diedricks,28,Italy,theseprideful,titimaman
Jina Pleasanton,38,Hong Kong,slapperchanging,fire
Halley Ecord,48,USA,hicknuthatch,qwerty12
Myrtle Barrell,48,Italy,minorsounding,bitch
Noelle Sais,26,Australia,shutdownmales,4444
Chrissy Gathman,45,UK,bellssubtype,147852
Anastasia Coote,20,Japan,cowimpulsive,paloma
Carole Saade,44,Australia,signaleramble,timosha123
Alecia Burnap,40,Australia,delaygristle,justin
Nevada Ennals,45,Hong Kong,pegasuspottery,beatles
Leon Sawatzky,18,Germany,erstswainson,password12
Artie Altsisi,28,Japan,tapirpit,admin123
Elvera Craveiro,43,Hong Kong,rawhygiea,anthony
Lorna Jourdain,26,Australia,lashednifty,princesa
Traci Kazabi,24,Japan,relativeworrisome,brazil
Camille Schaer,31,Australia,hardtofindstop,phpbb
Manie Chenauls,35,Italy,dancervacancy,www
Lyla Ruvalcava,41,Germany,ocelotstaking,web
Brandie Lulic,43,Japan,grindersmelt,blonde
Anna Dowlin,36,USA,granitastained,rosario
Else Villamayor,36,Hong Kong,pituitaryclever,485112
Marlen Mccrabb,21,Japan,invalidrigmarole,786786
Carmina Tattersall,24,Japan,roedeerugh,account
Mandi Ahles,21,UK,thoroughmvc,bubbles1
Regena Duane,45,Japan,heatedenzyme,twitter
Drucilla Holaway,39,Japan,avianpowerful,power
Marlys Wegner,42,Australia,outlyingglaze,mercedes
Gabrielle Schweiker,19,Canada,resignedcandy,3333
Elouise Baffuto,26,UK,romanianworth,butterfly
Dorathy Espiridion,23,USA,absorbedindustrial,master
Dawna Wetherell,32,Japan,getheated,ford
Claudine Latta,22,Germany,gabbrohydrogen,mongola
Claris Saltman,36,Germany,youtubebutter,girls
Brigitte Brallier,26,Hong Kong,phalangeone,caballo
Gary Ginnings,41,Canada,flavouredjsp,sabrina
Ashli Bundick,39,Canada,closingurinary,friends1
Delma Finkenbiner,49,Australia,lumpishdisfigured,pass1
Monika Trento,26,Canada,greaseproofpioneer,legend
Francene Caliguire,29,Japan,adzelactose,beavis
Rubye Gowler,23,Canada,pickerhometeam,raiders
Franchesca Breedlove,26,Italy,castratetempo,iloveyou!
Kelle Juliet,43,Japan,theirplay,steelers
Candelaria Morisseau,48,Japan,deboshedfray,252525
Maybelle Shappard,30,UK,spherealps,theman
Blake Tosado,23,UK,doubtfulcriteria,dragon
Alpha Vitkus,31,Japan,gingerpouting,maverick
Carlota Pangan,37,USA,repentantpity,asshole
Cathryn Leisher,30,Germany,mushroomsknobby,hardcore
Lanita Nimmer,39,Hong Kong,conjunctioncointreau,barney
Juliet Embery,38,Italy,admitseemly,srinivas
Annette Luskey,29,Japan,spurbutton,carter
Evette Perich,29,Canada,mayonnaisequinoa,alexis
Kiara Rathjen,47,Australia,rieslingimitate,nigger
Tricia Cacy,19,Germany,polishedroutine,shit
Kaitlin Birk,28,USA,cloaksfull,tekila
Nickie Ucha,20,Japan,bowyangtackling,butthead
Suzy Schirm,32,USA,kamemonumental,ximenita
Le Hopfensperger,33,Hong Kong,ebayjuly,alejandro
Yessenia Freguson,22,USA,spongeoxidant,westside
Sarita Balzer,48,Australia,porcelainprotein,tenerife
Wendi Grenier,38,UK,puppyplumbing,redskins
Farrah Buckmeon,26,UK,sedatecatalysts,alejandra
Barbara Schaul,25,Italy,particlemash,987654321
Shelby Saltz,19,Canada,academicsuit,ashley1
Janina Kossmann,44,UK,kingshootenany,9999999
Marjorie Barcena,25,Hong Kong,untimelyjockey,arsenal
Shawnda Ropiski,26,Japan,previousparrot,donald
Arnette Habash,28,Canada,warmneedful,amanda1
Barb Gracie,19,Japan,unrealendothermic,number1
Aletha Bostel,48,USA,packedden,tigger
Dulce Savakis,22,Hong Kong,brominefitting,campus
Sherice Korner,25,USA,anchordialect,apollo
Josephine Hryniewich,22,USA,kahis,ninja
Dannette Fillyaw,48,Canada,fortepoo,ricardo
Maya Yerbic,41,Japan,saucymodified,market
Tama Damours,47,UK,remindwhispering,scott
Milagros Mccalmont,28,USA,sparselomo,password!
Treasa Veigel,46,Australia,hopperequator,temp!
Corinna Delana,38,Australia,helmetdemonic,white
Conception Eisenhauer,42,Italy,arapopinjay,131313
Tawnya Truscott,24,Japan,gymnasticsinfamous,piolin
Dimple Been,24,USA,swooshsite,alpha
Cher Kostenko,18,Canada,weavemysterious,jordan1
Stella Schwebke,37,Canada,moffatbiting,sarita
India Benn,48,Germany,lugubriouscheck,iwantu
Susy Beecham,25,USA,fibroidssieve,marvin
Michal Clemenson,21,Canada,pasttanzanian,baseball
Cathi Rakestrow,39,Germany,vernaculartensile,estefania
Lakia Larive,33,Australia,squabbleoccurs,sunshine
Kathlene Wykoff,34,Hong Kong,growinglegs,golf
Aubrey Maglott,46,Japan,userwoman,summer1
Kristal Fouts,30,USA,gossipcumbrian,notes
Tynisha Borio,44,Germany,mutespaving,dolphins
Brunilda Sawrey,32,Germany,audifilleting,bubbles
Camie Lohrman,22,Hong Kong,puzzlingsqueak,topgun
Elsy Witcher,25,Japan,groovybarmpot,jorgito
Rhea Elmblad,27,USA,sineritrean,mark
Clelia Ceruantes,25,Australia,fundssometimes,qazwsx
Clare Pegues,29,Germany,colanderdupe,michael
Val Tuppen,19,Hong Kong,balearicwhispers,myspace1
Mitzi Poremski,35,Italy,addictionalgerian,jesusc
Aurelia Harrelson,46,Hong Kong,accordingspider,orange1
Otelia Cumoletti,49,Australia,turncompiler,andrew
Contessa Segers,27,Italy,judgedozens,windows
Dena Silliman,21,Australia,cheviotvinyl,nanacita
Nyla Fleeks,31,Italy,bewilderedchancellor,taylor
Krystin Canizales,27,USA,lobsterlatitude,passport
Jeanette Spella,33,Australia,wrackmcdonalds,christian
Audrey Tetterton,41,Italy,oocephalusnippy,gandalf
Roxanna Siefken,35,Hong Kong,deliverwidgeon,password1
Gwyneth Daleo,42,Hong Kong,forestsmigrating,jennifer
Lashanda Fantauzzi,21,UK,dextrouswhether,oracle
Latashia Shelburn,49,Germany,crumbedtnt,jaguar
Carmelia Ajasin,49,USA,diffidencewinning,austin
Shenika Landt,47,Canada,gradingcronz,victoria
Eliza Eovaldi,29,Australia,pipecoda,hollister1
Julieta Lucus,27,Germany,capitalistfowl,gemini
Theressa Wain,42,USA,clutteredplane,viking
Chang Morejon,30,UK,possetglaring,999999
Nicolle Saggio,42,Hong Kong,wacksurgery,leather
Blanche Bisi,20,Canada,dualmonth,blessed
Kenda Benisek,42,Australia,hollandaisesenior,maxwell
Luana Gee,33,UK,unicodeeyepiece,temptemp
Lawanda Papin,24,Italy,wittystormy,nobody
Leslee Lymaster,42,USA,exhortburp,foobar
Tandy Ghiorso,37,USA,addnapping,gators
Coral Sosnowski,43,Japan,kosherordinary,redsox
Randee Splatt,18,Canada,harmonytinkle,fishing
Sierra Denski,39,Hong Kong,arteryprick,dreams
Kris Borah,23,Hong Kong,choppingtrembling,frank
Lakendra Nazaroff,41,Hong Kong,hangquibble,2000
Christena Vigneau,21,Italy,polaroidboar,tester
Darcie Trumpp,31,UK,pegstringy,robert
Beth Nimon,49,Canada,stairsdripping,customer
Bong Wada,39,Japan,herscheltasty,a123456
Keila Derbes,45,Italy,scrubbingsmoked,rghy1234
Melvina Miras,24,Canada,candidatebudget,victor
Lyndsey Mcgreevy,30,Australia,tongpoisonous,database
Florine Hesley,49,Canada,terrymidwife,yankees
Maia Stepney,34,Japan,foalchoking,legolas
Gabriel Gronstal,38,Hong Kong,radaranchovy,barbara
Nidia Kennemer,31,UK,joykids,michael1
Augustina Lacasa,48,Japan,arrangemaniac,6666666
Alexander Medsker,37,Australia,luxuriousapert,popeye
Rachael Zerko,45,Japan,medullapolygon,perlita
Agustina Heathcote,27,UK,thoriumcanis,4444444
Gigi Tovias,46,Italy,presumablybrand,melissa
Susanna Stansifer,24,Australia,steadyauspicious,eagles
Charline Dillenbeck,27,Canada,bluffcrab,tweety1
Alina Petrini,24,USA,crankyanaerobe,blahblah
Marylin Hink,45,USA,abledauphine,aaaa
Vincenza Domingue,45,Australia,gatoradeirritated,victory
Jacquelynn Strandberg,34,Hong Kong,shovelshurtful,carmen1
Dalila Bloem,32,Germany,auditorconcerns,xxxx
Anisa Roper,42,Italy,grittickly,tweety
Hallie Snowdy,19,Canada,titaniawilderness,sophie
Carlie Lytell,20,USA,sauteimmunity,sinegra
Zulma Bery,26,Germany,supremejoiner,rosebud
Meggan Guimond,36,USA,sensualrights,test!
Kassandra Legro,35,Canada,marburdensome,66666
Jason Soloman,34,Japan,antimattergasp,dell
Bryanna Hallczuk,32,Germany,mumpstroubled,pukayaco14
Apolonia Boomhower,22,Italy,guineafowlobjective,freedom
Alejandrina Strode,19,Japan,inherentcurry,arturo
Narcisa Naselli,24,UK,gapingcase,messenger
Lillie Broward,34,USA,stonerampallian,matthew1
Salina Zancanella,40,USA,darwinigloo,qwewq
Adriene Lessner,21,Hong Kong,ofcumbersome,spanky
Loma Disarufino,18,Germany,ceriummedicare,smokey
Dede Vanvalkenburg,35,Germany,bloviateeffector,otalab
Denita Alder,45,USA,pedalenjoin,cooper
Lela Lanter,40,UK,haulsyrian,files
Lourdes Devora,21,Japan,ratioblyth,godslove
Savannah Luechtefeld,46,Japan,andesitejog,abcdef
Vanna Meitner,32,Germany,directorwoman,abgrtyu
Arline Amato,27,Hong Kong,snazzymedium,justin1
Lorinda Stangroom,23,Australia,smokingmorals,pass12
Frida Hurse,46,Canada,piscestit,bean21
Josephina Perault,29,Japan,oneanus,trouble
Consuela Muscara,31,Canada,personmass,fucking
Nu Corban,20,UK,madcapbolivian,paulis
Annamaria Bodin,22,Japan,glosspaternal,romantico
Shandi Mohead,20,Hong Kong,antennaisomer,forever
Vernon Hummell,34,Japan,syntaxisfielding,valentina
